id,name,short_url,price,original_price,rating_average,review_count,inventory_status,inventory_type,brand_name,camera_sau,camera_truoc,chip_do_hoa,chip_set,cpu_speed,dimensions,display_type,origin,product_weight,ram,resolution,rom,wifi,Time
124939767,iPad 10.2 Inch WiFi 64GB (Gen 9) New 2021 - Hàng Chính Hãng,https://tiki.vn/product-p124939767.html?spid=124939769,9450000,9490000,5,264,available,instock,Apple,8.0MP,12.0 MP,Apple GPU 4 nhân,A13 Bionic,4 x 2.5 GHz Vortex + 4 x 1.6 GHz Tempest,250 x 174 x 7.5 mm,IPS LCD,Trung Quốc,490g,3GB,2048 x 1536 pixels,64 GB,802.11 b/g/n/ac - dual bands (2.4GHz + 5GHz),2022-5-8
124944087,iPad Mini 6 Wi-Fi 64GB - Hàng  Chính Hãng,https://tiki.vn/product-p124944087.html?spid=124944091,13490000,13490000,5,54,available,instock,Apple,12MP,12MP,Apple GPU 4 nhân,A15 Bionic,2 x 2.5 GHz Vortex + 4 x 1.6 GHz Tempest,250 x 174 x 7.5 mm,IPS LCD,Trung Quốc,490g,3GB,2048 x 1536 pixels,64GB,802.11 b/g/n/ac - dual bands (2.4GHz + 5GHz),2022-5-8
123233797,iPad Air 10.9 Wi-Fi 64GB New 2020 - Hàng Chính Hãng,https://tiki.vn/product-p123233797.html?spid=68171123,14490000,14490000,5,130,available,instock,Apple,	12 MP,7MP,Apple GPU 6 nhân,,,247.6 x 178.5 x 6.1 mm,,Trung Quốc,458g,,2360 x 1640 Pixels,64 GB,Wi-Fi 802.11 a/b/g/n/ac/ax,2022-5-8
123341552,iPad Pro M1 11 inch (2021) 256GB Wifi - Hàng Chính Hãng,https://tiki.vn/product-p123341552.html?spid=97551093,22990000,22990000,4.7,46,available,instock,Apple,10MP + 12MP + TOF 3D LiDAR,12MP,Apple M1 8 nhân,,,Dài 247.6 mm - Ngang 178.5 mm - Dày 5.9 mm,IPS LCD Liquid Retina HD,Trung Quốc,466g,8GB,,256GB,802.11ax Wi-Fi 6,2022-5-8
124939752,iPad 10.2 Inch WiFi + Cellular  64GB (Gen 9) New 2021 - Hàng Chính Hãng,https://tiki.vn/product-p124939752.html?spid=124939756,12290000,12290000,5,28,available,instock,Apple,8MP,12MP,,A13 Bionic,4 x 2.5 GHz Vortex + 4 x 1.6 GHz Tempest,250 x 174 x 7.5 mm,,Trung Quốc,490g,3GB,2048 x 1536 pixels,64 GB,802.11 b/g/n/ac - dual bands (2.4GHz + 5GHz),2022-5-8
168721261,iPad Air 5 M1 10.9 Wi-Fi 64GB New 2022 - Hàng  Chính Hãng,https://tiki.vn/product-p168721261.html?spid=168721270,15250000,15490000,5,3,available,instock,Apple,12MP,12MP,,Apple M1,,Dài 247.6 mm - Ngang 178.5 mm - Dày 6.1 mm,Liquid Retina,Trung Quốc,461g,8GB,2360 x 1640 Pixels,64GB,Có,2022-5-8
123353324,iPad Pro M1 12.9 inch (2021) 128GB Wifi - Hàng Chính Hãng,https://tiki.vn/product-p123353324.html?spid=97650585,23950000,24490000,4.8,61,available,instock,Apple,10MP + 12MP + TOF 3D LiDAR,12MP,,Apple M1 8 nhân,,Dài 280.6 mm - Ngang 214.9 mm - Dày 6.4 mm,IPS LCD Liquid Retina XDR,Trung Quốc,682 - 685g,8GB,2732 x 2048 pixels,128GB,802.11ax Wi-Fi 6,2022-5-8
124944105,iPad Mini 6 Wi-Fi 256GB - Hàng  Chính Hãng,https://tiki.vn/product-p124944105.html?spid=124944122,16950000,16990000,5,18,available,instock,Apple,12MP,12MP,Apple GPU 4 nhân,A15 Bionic,2 x 2.5 GHz Vortex + 4 x 1.6 GHz Tempest,250 x 174 x 7.5 mm,IPS LCD,Trung Quốc,490g,3GB,2048 x 1536 pixels,256GB,802.11 b/g/n/ac - dual bands (2.4GHz + 5GHz),2022-5-8
123234100,iPad Air 10.9 Wi-Fi 256GB New 2020 - Hàng Chính Hãng,https://tiki.vn/product-p123234100.html?spid=68174424,18590000,18590000,4.7,57,available,instock,Apple,12 MP,7 MP,Apple GPU 6 nhân,Apple A14 Bionic 6 nhân,,247.6 x 178.5 x 6.1 mm,Liquid Retina,Trung Quốc,458g,,2360 x 1640 Pixels,256 GB,Wi-Fi 802.11 a/b/g/n/ac/ax; Dual-band; Wi-Fi hotspot,2022-5-8
123236085,iPad Air 10.9 Wi-Fi + Cellular 64GB New 2020 - Hàng Chính Hãng,https://tiki.vn/product-p123236085.html?spid=68174411,16490000,16490000,4.7,30,available,instock,Apple,12 MP,7 MP,Apple GPU 6 nhân,Apple A14 Bionic 6 nhân,,247.6 x 178.5 x 6.1 mm,Liquid Retina,Trung Quốc,458g,,2360 x 1640 Pixels,64 GB,Wi-Fi 802.11 a/b/g/n/ac/ax; Dual-band; Wi-Fi hotspot,2022-5-8
124939757,iPad 10.2 Inch WiFi 256GB (Gen 9) New 2021 - Hàng Chính Hãng,https://tiki.vn/product-p124939757.html?spid=124939761,12990000,12990000,5,7,available,instock,Apple,8.0MP,12.0 MP,Apple GPU 4 nhân,A13 Bionic,4 x 2.5 GHz Vortex + 4 x 1.6 GHz Tempest,250 x 174 x 7.5 mm,IPS LCD,Trung Quốc,490g,3GB,2048 x 1536 pixels,256GB,802.11 b/g/n/ac - dual bands (2.4GHz + 5GHz),2022-5-8
124944106,iPad Mini 6 Wi-Fi + Cellular 64GB - Hàng  Chính Hãng,https://tiki.vn/product-p124944106.html?spid=124944108,16990000,16990000,5,6,available,instock,Apple,12MP,12MP,Apple GPU 4 nhân,A15 Bionic,2 x 2.5 GHz Vortex + 4 x 1.6 GHz Tempest,250 x 174 x 7.5 mm,IPS LCD,Trung Quốc,490g,3GB,2048 x 1536 pixels,64GB,,2022-5-8
168721714,iPad Air 5 M1 10.9 Wi-Fi 256GB New 2022 - Hàng  Chính Hãng,https://tiki.vn/product-p168721714.html?spid=168721720,18990000,18990000,5,2,available,instock,Apple,12MP,12MP,,Apple M1,,Dài 247.6 mm - Ngang 178.5 mm - Dày 6.1 mm,Liquid Retina,Trung Quốc,461g,8GB,2360 x 1640 Pixels,256GB,Có,2022-5-8
168739475,iPad Air 5 M1 10.9 Wi-Fi + Cellular  64GB New 2022 - Hàng  Chính Hãng,https://tiki.vn/product-p168739475.html?spid=168739477,18990000,18990000,0,0,available,instock,Apple, 12 MP,12 MP,,Apple M1 8 nhân,,Dài 247.6 mm - Ngang 178.5 mm - Dày 6.1 mm, Retina IPS LCD,Trung Quốc,461g,8GB,2360 x 1640 Pixels,64GB,"Dual-band,  MIMO,  Wi-Fi 802.11 a/b/g/n/ac/ax",2022-5-8
168739486,iPad Air 5 M1 10.9 Wi-Fi + Cellular  256GB New 2022 - Hàng  Chính Hãng,https://tiki.vn/product-p168739486.html?spid=168739494,22990000,22990000,0,0,available,instock,Apple,12MP,12MP,,Apple M1 8 nhân,,Dài 247.6 mm - Ngang 178.5 mm - Dày 6.1 mm, Retina IPS LCD,Trung Quốc,461g,8GB,2360 x 1640 Pixels,256GB,"Dual-band,  MIMO,  Wi-Fi 802.11 a/b/g/n/ac/ax",2022-5-8
11794382,"Bao da xoay 360 độ cao cấp dành cho Ipad 2/3/4, Ipad Air, Ipad Air 2, Ipad 2017, ipad 2018, Ipad mini 4, ipad mini 2018, Pro 9.7",https://tiki.vn/product-p11794382.html?spid=72108665,78000,78000,4.5,27,available,instock,OEM,,,,,,<p>22x15x5</p>,,,,,,,,2022-5-8
82033657,Bao Da Case Cover Dành Cho iPad Mini 5/ iPad Pro 11 inch/ iPad Air 3 / iPad Pro 3/ iPad Air 4 / iPad 7/8 / iPad Pro 12.9 inch - Hàng Chính Hãng Có Khe Cắm Apple Pencil,https://tiki.vn/product-p82033657.html?spid=103940084,181000,275000,4.5,64,available,instock,Meliya accessories,,,,,,,,Trung Quốc,,,,,,2022-5-8
110255019,"Bút cảm ứng iPad Palm Rejection dành cho iPad Pro phiên bản 2018 - 2021 (11/12.9 inch), iPad gen 6/7/8, iPad Mini 5, iPad Air gen 3/4 - QGeeM - trắng - Hàng chính hãng",https://tiki.vn/product-p110255019.html?spid=110255021,699000,858500,4.7,79,available,instock,QGeeM,,,,,,<p>Dài: 16.7cm<br />Đường kính: 0.9cm</p>,,Trung Quốc,13.4g,,,,,2022-5-8
4207965,Túi đựng ipad Simplecarry LC Ipad ,https://tiki.vn/product-p4207965.html?spid=4207973,390000,390000,5,12,available,backorder,SimpleCarry,,,,,,"<p><span style=""font-family: 'times new roman', times, serif; font-size: 16px;""> Kích thước: 27 x 24 x 5 cm.</span></p>",,,,,,,,2022-5-8
98823703,Kệ Ipad ISBERGET IKEA,https://tiki.vn/product-p98823703.html?spid=98823707,100000,100000,0,0,available,backorder,OEM,,,,,,,,Việt Nam,,,,,,2022-5-8
141923499,Bao da đẹp dành cho ipad air 2/air 1/Ipad 2017/2018/Mini 2 ,https://tiki.vn/product-p141923499.html?spid=141923507,115000,115000,5,8,available,backorder,OEM,,,,,,,,Việt Nam,,,,,,2022-5-8
136683273,"Giá Đỡ Ipad paten box, kẹp ipad Học online, xem phim",https://tiki.vn/product-p136683273.html?spid=136683274,48000,48000,0,0,available,backorder,OEM,,,,,,,,Việt Nam,0.2KG,,,,,2022-5-8
38678891,"Bàn phím Bluetooth F180 cho iPad Air, iPad Air 2, iPad Pro 9.7, iPad 2017, iPad 2018",https://tiki.vn/product-p38678891.html?spid=38678895,1210000,1984000,5,4,available,backorder,OEM,,,,,,<p>23x15x7</p>,,Việt Nam,1,,,,,2022-5-8
19769900,"Bao da iPad Pro 9.7, iPad Pro 9.7 2017, iPad Pro 9.7 2018, iPad 2017 (9.7 inch) chính hãng Mutural",https://tiki.vn/product-p19769900.html?spid=32787144,350000,350000,3,2,available,backorder,Mutural,,,,,,,,,,,,,,2022-5-8
20824291,"Bao Da Cho Ipad mini 1/2/3/4/5, Ipad Air 1/ Air 2, 9.7 2017/2018, Ipad Pro 10.5/ Air 10.5, Ipad Pro 11, Ipad 1/ ipad 2/ Ipad 3",https://tiki.vn/product-p20824291.html?spid=20824297,155000,155000,4.3,21,available,backorder,OEM,,,,,,<p>Bảo hành bằng hoá đơn mua hàng của Tiki</p>,,,,,,,,2022-5-8
161262360,"Ốp Lưng cho iPad mini, iPad Air, iPad Pro gập chân giá đỡ tiện lợi - Mã TZAT918",https://tiki.vn/product-p161262360.html?spid=161262504,99000,99000,0,0,available,backorder,OEM,,,,,,,,Việt Nam,,,,,,2022-5-8
43892899,Bao da hai góc xoay dành cho ipad 2017/ ipad 2018 màn hình 9.7 inch,https://tiki.vn/product-p43892899.html?spid=43892907,135000,238000,4.1,7,available,backorder,OEM,,,,,,,,Việt Nam,,,,,,2022-5-8
11783923,"Bao da họa tiết vân gỗ cao cấp dành cho Ipad 2/3/4, Ipad Air, Ipad Air 2, Ipad 2017, Ipad mini 4, mini 1/2/3.",https://tiki.vn/product-p11783923.html?spid=83741783,183000,183000,1,1,available,instock,OEM,,,,,,<p>22x18x5</p>,,,,,,,,2022-5-8
71937968,"BAO DA SMART COVER SILICON, ỐP LƯNG SILICON CHO IPAD CÓ KHE CÀI BÚT APPLE PENCIL CHO IPAD 10.2 INCH, 10.5 INCH, IPAD PRO 11 INCH",https://tiki.vn/product-p71937968.html?spid=130776824,299999,300000,0,0,available,backorder,SUZIN,,,,,,,,Hong Kong,,,,,,2022-5-8
12485554,Bao da kiêm ốp lưng tự động tắt/mở màn hình thông minh dành cho ipad Mini 123/ Mini 4/ Ipad Air/ Ipad Air 2/ Ipad 234/ Ipad 2017/ Ipad 2018/ Ipad Pro 9.7,https://tiki.vn/product-p12485554.html?spid=52602241,125000,125000,4.2,212,available,backorder,OEM,,,,,,<p>22x15x5</p>,,,,,,,,2022-5-8
16930786,"Bao Da cho iPad 4, New iPad, iPad 3, iPad 2",https://tiki.vn/product-p16930786.html?spid=73876197,179000,179000,0,0,available,backorder,OEM,,,,,,,,,,,,,,2022-5-8
7572909,Bao da silicone dẻo - Smart cover dành cho iPad Mini 123/ iPad Mini 4/ iPad Air/ iPad Air 2/ iPad New 2017/ iPad Pro 9.7/ iPad 234/ iPad Pro 10.5,https://tiki.vn/product-p7572909.html?spid=130778391,158999,229000,5,1,available,backorder,OEM,,,,,,<p>20 x 15 x 5</p>,,,,,,,,2022-5-8
35877245,Bao da smart cover dành cho Ipad Mini 123/ Mini 4/ Ipad Air/ Ipad pro 9.7/ Ipad air 2/ Ipad 2017/ Ipad 2018/ Ipad 234 siêu mỏng,https://tiki.vn/product-p35877245.html?spid=57124196,127000,127000,4.3,26,available,backorder,OEM,,,,,,<p>22x15x7</p>,,Việt Nam,,,,,,2022-5-8
12453615,"Bàn phím Bluetooth F180 dành cho ipad Air, Air 2, ipad Pro 9.7, IPad New 2017, ipad 2018",https://tiki.vn/product-p12453615.html?spid=12453625,1190000,1784000,4.6,17,available,backorder,OEM,,,,,,<p>22x15x10</p>,,,,,,,,2022-5-8
161261834,"Ốp cho iPad mini, iPad Air, iPad Pro gập từ tính đa góc - Mã TZAT917",https://tiki.vn/product-p161261834.html?spid=161261903,119000,119000,0,0,available,backorder,OEM,,,,,,,,Việt Nam,,,,,,2022-5-8
161262939,"Ốp Lưng cho iPad Air, iPad mini, iPad Pro silicon hình thú cute nhiều màu cho bé - Mã TZAT910",https://tiki.vn/product-p161262939.html?spid=161264680,99000,99000,5,1,available,backorder,OEM,,,,,,,,Việt Nam,,,,,,2022-5-8
74234310,Bao Da Case Cover Dành Cho iPad Mini 5/ iPad Mini 4/ iPad Pro 11 inch (2020) / iPad Pro 11 inch (2018)/ iPad Air 3 (10.5 inch) / iPad Pro 3 (10.5 inch) / iPad Air 4 (10.9 inch) / iPad 7/8 (10.2 inch) / iPad Pro 12.9 inch (2018) / iPad Pro 12.9 inch (2020) - Có Khe Cắm Apple Pencil - Hàng Chính Hãng Meliya accessories,https://tiki.vn/product-p74234310.html?spid=155145313,189998,250000,0,0,available,backorder,Meliya accessories,,,,,,,,Trung Quốc,,,,,,2022-5-8
73870992,"Bao da, Túi đựng cho iPad Pro 11 / iPad Air 10.9 / iPad Air 10.5 / iPad Pro 10.5 / iPad 10.2 ",https://tiki.vn/product-p73870992.html?spid=73871004,300000,300000,4.6,7,available,backorder,OEM,,,,,,<p>Thích hợp cho tất cả máy tính bảng có cùng kích thước iPad Pro 11 trở lại</p>,,Đài Loan,0.2kg,,,,,2022-5-8
13295493,"Bao da Cao cấp hai góc xoay dành cho iPad Mini 1/2/3, Mini 4, Ipad 2/3/4, Ipad 2017, Ipad 2018, Ipad Air, Ipad Air 2",https://tiki.vn/product-p13295493.html?spid=13295497,145000,145000,4.1,24,available,backorder,OEM,,,,,,<p>22x15x5</p>,,,,,,,,2022-5-8
88781975,"Bao da iPad Air 4 2020/iPad 10.2 2020/2019/iPad Pro 12.9"" 2020 ITSKINS Hybrid // Solid Folio - Hàng Chính Hãng",https://tiki.vn/product-p88781975.html?spid=104102258,950000,950000,0,0,available,backorder,ITSKINS,,,,,,,,Trung Quốc,0.5,,,,,2022-5-8
165662870,"Bao da TPU cho iPad | Full tất cả các dòng ( Pro 11, Air 1/2/3/4, iPad Mini 1/2/3/4/5/6, iPad Gen 2/3/4/5/6/7/8/9)",https://tiki.vn/product-p165662870.html?spid=165662897,775000,775000,0,0,available,backorder,OEM,,,,,,,,Việt Nam,,,,,,2022-5-8
11585147,Bao da iPad Air / Air 2 / ipad 5 / ipad 6 / Pro 9.7 - KAKU,https://tiki.vn/product-p11585147.html?spid=40350258,119000,119000,4.8,9,available,backorder,Kaku,,,,,,,,,,,,,,2022-5-8
38160616,Bao da doanh nhân silicone dẻo cao cấp dành cho iPad mini 123/ mini 4/ mini 5/ Ipad pro 9.7/ Ipad Air/ Ipad Air 2/ Ipad 2017/ Ipad 2018/ Ipad pro 10.5/ Ipad Air 3 2019/ Ipad 11 inch,https://tiki.vn/product-p38160616.html?spid=92508121,125897,246000,3.4,5,available,backorder,OEM,,,,,,<p>kích thước 22x17x5</p>,,Việt Nam,0.5kg,,,,,2022-5-8
73871071,"Bao bảo vệ, Túi đựng Folio cho iPad Pro 11 / iPad Air 10.9 / iPad Air 10.5 / iPad Pro 10.5 / iPad 10.2",https://tiki.vn/product-p73871071.html?spid=73871075,300000,300000,4.5,6,available,backorder,OEM,,,,,,<p>Thích hợp cho tất cả máy tính bảng có cùng kích thước iPad Pro 11 trở lại</p>,,Đài Loan,0.2kg,,,,,2022-5-8
160796848,Bao da ipad Smart Case đủ màu dành cho các dòng ipad,https://tiki.vn/product-p160796848.html?spid=160796992,289000,289000,0,0,available,backorder,OEM,,,,,,,,Việt Nam,,,,,,2022-5-8
123151923,kẹp dành cho ipad sắt,https://tiki.vn/product-p123151923.html?spid=123152027,140000,140000,0,0,available,backorder,OEM,,,,,,,,Việt Nam,,,,,,2022-5-8
11580874,Bao da KAKU iPad Air / Air 2 / ipad 5 / ipad 6 / Pro 9.7 / new iPad 2017/ new iPad 2018,https://tiki.vn/product-p11580874.html?spid=41760358,94000,94000,4,1,available,backorder,Kaku,,,,,,,,,,,,,,2022-5-8
59373102,Bao Da Cover Dành Cho Apple Ipad 2/ Ipad 3 / Ipad 4 Vân Da Tuần Lộc Hỗ Trợ Smart cover,https://tiki.vn/product-p59373102.html?spid=59373104,180000,230000,4.2,10,available,instock,OEM,,,,,,,,Trung Quốc,,,,,,2022-5-8
161262907,"Ốp cho iPad Air, iPad mini, iPad Pro gập chân giá đỡ tiện lợi, từ tính đa góc - Mã TZAT919",https://tiki.vn/product-p161262907.html?spid=161263393,99000,99000,0,0,available,backorder,OEM,,,,,,,,Việt Nam,,,,,,2022-5-8
36798342,Bao da dành cho iPad mini 123/ mini 4/ ipad air/ ipad air 2/ ipad 2017/ ipad 2018/ ipad 234 xoay 360 độ,https://tiki.vn/product-p36798342.html?spid=150862264,75000,150000,5,2,available,instock,OEM,,,,,,<p>25x15x5</p>,,Việt Nam,0.5,,,,,2022-5-8
162133013,Túi Đựng Ipad Da Mềm Đeo Chéo Sành Điệu Ipad 16,https://tiki.vn/product-p162133013.html?spid=162133015,377000,812000,0,0,available,backorder,OEM,,,,,,,,Việt Nam,,,,,,2022-5-8
51902417,Bao da chính hãng Dux Ducis Skin Pro Series cho iPad 4/ iPad 3/ iPad 2 - Vàng hồng,https://tiki.vn/product-p51902417.html?spid=51902418,190000,190000,5,2,available,instock,Dux Ducis,,,,,,,,Trung Quốc,,,,,,2022-5-8
141923501,Bao da cute dành cho ipad 2017/ipad 2018/Gen 5/6/Air 2/1/Ipad 2/Mini 2,https://tiki.vn/product-p141923501.html?spid=141923508,115000,115000,4.8,11,available,backorder,OEM,,,,,,,,Việt Nam,,,,,,2022-5-8
35925717,Bộ Ốp lưng dẻo+ Kính cường lực cho iPad mini 5/ iPad mini 2019,https://tiki.vn/product-p35925717.html?spid=81885130,68998,120000,0,0,available,backorder,OEM,,,,,,,,,,,,,,2022-5-8
77917907,"BAO DA SMART COVER SILICON, ỐP LƯNG SILICON CHO IPAD CÓ KHE CÀI BÚT APPLE PENCIL CHO IPAD 10.2 INCH, 10.5 INCH, IPAD PRO 11 INCH, IPAD AIR 4 10.9 INCH MÀU XANH RÊU",https://tiki.vn/product-p77917907.html?spid=77917911,214000,214000,4.3,4,available,backorder,SUZIN,,,,,,,,Hong Kong,0.3,,,,,2022-5-8
25367236,"Ốp lưng silicon dẻo trong suốt dành cho  iPad Air, iPad 5",https://tiki.vn/product-p25367236.html?spid=36110496,50000,50000,0,0,available,backorder,OEM,,,,,,,,,,,,,,2022-5-8
37407877,"Ốp lưng silicon dẻo trong suốt dành cho iPad Air 2, iPad 6",https://tiki.vn/product-p37407877.html?spid=81869084,67999,135998,5,2,available,backorder,OEM,,,,,,,,,,,,,,2022-5-8
51902585,Bao da chính hãng Dux Ducis Skin Pro Series cho iPad 4/ iPad 3/ iPad 2 - Đen,https://tiki.vn/product-p51902585.html?spid=81894724,219999,350000,0,0,available,backorder,Dux Ducis,,,,,,,,Trung Quốc,,,,,,2022-5-8
141923526,Bao da siêu mỏng dành cho ipad mini 2/3/Ipad air 2/air 1/Ipad 2017,https://tiki.vn/product-p141923526.html?spid=141923550,115000,115000,1,1,available,backorder,OEM,,,,,,,,Việt Nam,,,,,,2022-5-8
161264690,"Ốp Lưng cho iPad mini, iPad Air, iPad Pro gập chân đỡ tiện lợi - Mã TZAT912",https://tiki.vn/product-p161264690.html?spid=161265000,99000,99000,0,0,available,backorder,OEM,,,,,,,,Việt Nam,,,,,,2022-5-8
25370283,"Ốp lưng silicon dẻo trong suốt dành cho iPad Pro 12.9, iPad Pro 12.9 Wifi",https://tiki.vn/product-p25370283.html?spid=82829139,119999,239998,0,0,available,backorder,OEM,,,,,,,,,,,,,,2022-5-8
74932764,Ốp lưng GEAR4 D3O Brompton dành cho iPad 10.2/ iPad 11/iPad 10.9 - Folio - Hàng chính hãng,https://tiki.vn/product-p74932764.html?spid=136464616,790000,1200000,0,0,available,backorder,GEAR4,,,,,,,,Mỹ / Trung Quốc,0.2,,,,,2022-5-8
172534648,"Bút cảm ứng ESR Digital iPad Stylus Pencil dành cho iPad Pro/ Ipad Air/ Ipad Mini/ Ipad Gen 6,7,8,9 - Hàng chính hãng",https://tiki.vn/product-p172534648.html?spid=172534649,758000,790000,0,0,available,backorder,ESR,,,,,,,,Mỹ / Trung Quốc,,,,,,2022-5-8
25368004,"Ốp lưng silicon dẻo trong suốt dành cho  iPad Air 2, iPad 6",https://tiki.vn/product-p25368004.html?spid=82829146,49957,99914,4,1,available,backorder,OEM,,,,,,,,,,,,,,2022-5-8
142976844,Ốp iPad Laut HUEX Folio For iPad Air 10.9 inch 2020 - Hàng Chính Hãng,https://tiki.vn/product-p142976844.html?spid=142976853,872000,1090000,0,0,available,backorder,LAUT,,,,,,,,Đức,,,,,,2022-5-8
161263090,"Ốp Lưng cho iPad mini, iPad Air, iPad Pro silicon hình thú dễ thương cho Bé - Mã TZAT911",https://tiki.vn/product-p161263090.html?spid=161263347,119000,119000,4.8,5,available,backorder,OEM,,,,,,,,Việt Nam,,,,,,2022-5-8
11601933,Bao da KaKu Ipad 2/3/4,https://tiki.vn/product-p11601933.html?spid=48056535,90000,90000,0,0,available,backorder,Kaku,,,,,,,,,,,,,,2022-5-8
6602985,Ốp lưng dẻo trong suốt cho iPad Air/Air2/Pro 9.7/IPad 9.7 2017/IPad 9.7 2018,https://tiki.vn/product-p6602985.html?spid=8315208,45000,45000,5,1,available,backorder,OEM,,,,,,,,Trung Quốc,,,,,,2022-5-8
163709048,"Bao da cho iPad 2, iPad 3, iPad 4 xoay 360 độ tiện dụng giá rẻ",https://tiki.vn/product-p163709048.html?spid=163709050,89000,89000,5,3,available,backorder,	OEM,,,,,,,,Trung Quốc,0.35,,,,,2022-5-8
82049422,Bao Da Case Cover Dành Cho iPad Mini 5/ iPad Pro 11 inch/ iPad Air 3 / iPad Pro 3/ iPad Air 4 / iPad 7/8 / iPad Pro 12.9 inch - Hàng Chính Hãng,https://tiki.vn/product-p82049422.html?spid=93166522,249999,250000,3.3,4,available,backorder,Meliya accessories,,,,,,,,Trung Quốc,,,,,,2022-5-8
161262725,"Ốp iPad Kiểu Đá Cẩm Thạch cho iPad mini, iPad Air, iPad Pro gập chân đỡ tiện lợi - Mã TZAT916",https://tiki.vn/product-p161262725.html?spid=161264134,99000,99000,0,0,available,backorder,OEM,,,,,,,,Việt Nam,,,,,,2022-5-8
22388156,Ốp iPad XUNDD dành cho iPad mini 5 - Hàng Nhập Khẩu,https://tiki.vn/product-p22388156.html?spid=31520341,164500,164500,3.9,19,available,backorder,Xundd,,,,,,<p>Phù hợp với iPad mini 5 và iPad mini 4</p>,,,,,,,,2022-5-8
74932945,Ốp lưng GEAR4 D3O Battersea - iPad 10.2/iPad 10.9/iPad 11 - Hàng chính hãng,https://tiki.vn/product-p74932945.html?spid=136464620,1170000,1800000,0,0,available,backorder,GEAR4,,,,,,,,Trung Quốc,0.2,,,,,2022-5-8
92396742,"Miếng Dán Cường Lực Cho iPad mini 4/5 Bảo Vệ Màn Hình iPad, Chống Trầy",https://tiki.vn/product-p92396742.html?spid=116186124,109999,109999,0,0,available,backorder,OEM,,,,,,,,Việt Nam,,,,,,2022-5-8
136832130,Ốp Bảo Vệ dành cho Ipad silicon có chống lưng Mini1/2/3/4/5 -Ipad 5/6/7/8(9.7in)10.2/10.5,https://tiki.vn/product-p136832130.html?spid=136832197,128000,128000,0,0,available,backorder,OEM,,,,,,,,Việt Nam,,,,,,2022-5-8
13935820,Ốp lưng silicon trong suốt cho iPad Mini 5/ iPad Mini 2019,https://tiki.vn/product-p13935820.html?spid=22386101,45000,45000,4.5,2,available,backorder,OEM,,,,,,,,,,,,,,2022-5-8
161262170,"Ốp Lưng cho iPad mini, iPad Air, iPad Pro silicon hoạt hình cực dễ thương, nhiều màu - Mã TZAT909",https://tiki.vn/product-p161262170.html?spid=161262320,149000,149000,3,2,available,backorder,OEM,,,,,,,,Việt Nam,,,,,,2022-5-8
172858019,Nắp gập và bàn phím không dây Bluetooth  cho iPad 10.2(2021/2020/2019)/iPad Air 10.5/iPad Pro10.5,https://tiki.vn/product-p172858019.html?spid=172858021,676400,676400,0,0,available,backorder,OEM,,,,,,,,china,,,,,,2022-5-8
162148496,Túi Đeo Chéo Da Đựng Ipad Unisex Thời Trang Cao Cấp Ipad 19,https://tiki.vn/product-p162148496.html?spid=162148498,485000,1044000,0,0,available,backorder,OEM,,,,,,,,Việt Nam,,,,,,2022-5-8
162995487,"Bao da cho iPad Air, Air2, iPad Gen 5, iPad Gen 6 9.7 inch xoay 360 nhiều màu giá rẻ  ",https://tiki.vn/product-p162995487.html?spid=162995490,78320,78320,4.6,5,available,backorder,OEM,,,,,,,,Trung Quốc,0.3,,,,,2022-5-8
56627074,BT3.0 Wireless Keyboard Case Tablet Protective Case for iPad Air1/iPad Air2/iPad Pro 9.7/iPad 9.7(2017/2018),https://tiki.vn/product-p56627074.html?spid=56627078,426000,426000,5,1,available,backorder,OEM,,,,,,,,china,,,,,,2022-5-8
45413971,"Bao Da Chống Nước Dành Cho iPad Mini 1/2/3/4/5, Bao da dành cho ipad AIR 1/2/3, Bao da cho ipad Pro 9'7/10'5/11inch ",https://tiki.vn/product-p45413971.html?spid=106504834,178999,299000,0,0,available,backorder,OEM,,,,,,,,Hong Kong,50,,,,,2022-5-8
115292172,Dùng cho iPad Bao da PU cho iPad AIR4 123 Bao da iPad Pro 11 2020 2018 thế hệ 8 10.2 iPad Pro 11 2020 2018,https://tiki.vn/product-p115292172.html?spid=115292307,236000,236000,0,0,available,backorder,OEM,,,,,,,,china,,,,,,2022-5-8
73871111,"Bao da, Túi đựng Nắp Gập bảo vệ cho iPad Pro 11 / iPad Air 10.9 / iPad Air 10.5 / iPad Pro 10.5 / iPad 10.2",https://tiki.vn/product-p73871111.html?spid=76296433,350000,350000,5,4,available,backorder,OEM,,,,,,<p>Thích hợp cho tất cả máy tính bảng có cùng kích thước iPad Pro 11 trở lại</p>,,Đài Loan,0.2kg,,,,,2022-5-8
112129838,"Bao da smart cover silicon ốp ipad silicon có khe cài bút dành cho Ipad 9.7 inch, ipad 10.2, 10.5, 10.9 inch, Ipad pro 11 inch, Ipad 12.9 inch",https://tiki.vn/product-p112129838.html?spid=112129840,215000,215000,4.7,3,available,backorder,SUZIN,,,,,,,,Trung Quốc,,,,,,2022-5-8
110449436,"loa ipad 2,loa ipad 3",https://tiki.vn/product-p110449436.html?spid=110449445,99000,99000,0,0,available,backorder,OEM,,,,,,,,Việt Nam,,,,,,2022-5-8
19768997,"Bao Da cho iPad 4, New iPad, iPad 3, iPad 2",https://tiki.vn/product-p19768997.html?spid=73874345,179000,179000,0,0,available,backorder,OEM,,,,,,,,,,,,,,2022-5-8
22816247,"Giá Treo Tường Có Thể Điều Chỉnh Cho Ipad Pro, Ipad Mini",https://tiki.vn/product-p22816247.html?spid=23615486,303600,303600,4.5,17,available,backorder,OEM,,,,,,,,,,,,,,2022-5-8
52123444,"Tấm dán kính cường lực dành cho iPad 2, iPad 3, iPad 4 chống xước, chống vỡ",https://tiki.vn/product-p52123444.html?spid=81863962,47990,95980,0,0,available,backorder,OEM,,,,,,,,,,,,,,2022-5-8
18126060,Bao da xoay 360 độ Loại tốt cho  iPad Air / iPad Air 2 / Ipad New 9.7 2017/ New 9.7 2018,https://tiki.vn/product-p18126060.html?spid=18126061,126000,126000,3.9,8,available,backorder,OEM,,,,,,,,,,,,,,2022-5-8
154248858,Case iPad lót nhung dành cho ALL IPad + Tặng kèm sticker đáng yêu,https://tiki.vn/product-p154248858.html?spid=154248884,261250,261250,0,0,available,backorder,OEM,,,,,,,,Việt Nam,,,,,,2022-5-8
10202544,"Bao da iPad Air 2, iPad Air, iPad Pro 9.7 inches, iPad Pro 10.5 inch",https://tiki.vn/product-p10202544.html?spid=10202554,390000,390000,3.7,3,available,backorder,OEM,,,,,,,,,,,,,,2022-5-8
170173159,"Bao Da TPU Cho iPad 2, iPad 3, iPad 4 Khay Dẻo Nắp Gập Nhiều Màu Hỗ Trợ Sleep Wake Up",https://tiki.vn/product-p170173159.html?spid=170173169,102400,128000,0,0,available,backorder,	OEM,,,,,,,,Trung Quốc,,,,,,2022-5-8
40958470,Miếng dán màn hình chống trầy chống vân tay cho Ipad mini 123/ mini 4/ ipad air/ ipad air 2/ ipad pro 9.7/ ipad pro 10.5/ ipad 11 inch/ ipad 2018/ ipad 2017/ mini 5/ air 3 2019 10.5 inch,https://tiki.vn/product-p40958470.html?spid=59479147,59998,99000,3.6,30,available,backorder,OEM,,,,,,<p>22x15x5</p>,,,,,,,,2022-5-8
141267162,"Miếng dán cường lực dành cho ipad 2,3,4,5,6 ipad mini 1234 bảo vệ màn hình ipad",https://tiki.vn/product-p141267162.html?spid=141267172,45000,45000,5,1,available,backorder,OEM,,,,,,,,Việt Nam,,,,,,2022-5-8
74655535,Bao iPad dành cho iPad 2/3/4,https://tiki.vn/product-p74655535.html?spid=74655539,600000,600000,0,0,available,backorder,OEM,,,,,,,,Trung Quốc,,,,,,2022-5-8
123554545,Điện Thoại iPhone 13 Pro 128GB  - Hàng  Chính Hãng,https://tiki.vn/product-p123554545.html?spid=123554558,26890000,26890000,5,516,available,instock,Apple,3 camera 12 MP,12MP,Apple GPU 4 nhân,Apple A15 Bionic 6 nhân, 3.22 GHz,146.7 x 71.5 x 7.4 mm,"OLED, Tần số quét 120 Hz, Kính cường lực Ceramic Shield",Trung Quốc,189g,6GB,1170 x 2532 pixels,128GB,Có,2022-5-8
123835560,Điện Thoại iPhone 11 64GB  - Hàng  Chính Hãng,https://tiki.vn/product-p123835560.html?spid=32033721,11950000,11990000,5,540,available,instock,Apple,Dual Camera 12.0 MP,12 MP,Apple GPU 4 nhân,Apple A13 Bionic,,<p>150.9 x 75.7 x 8.3 mm</p>,	IPS LCD/ Liquid Retina HD,,194 g,4GB,HD (828 x 1792 pixels),64GB,802.11ac,2022-5-8
123345348,Điện Thoại iPhone 12 64GB - Hàng  Chính Hãng,https://tiki.vn/product-p123345348.html?spid=70766417,16590000,16650000,5,265,available,instock,Apple,12 MP + 12 MP,12 MP,Apple GPU (4-core graphics),Apple A14 Bionic (5 nm),,146.7 x 71.5 x 7.4 mm,"Super Retina XDR OLED, HDR10, Dolby Vision, Wide color gamut, True-tone",Trung Quốc,164g,4GB,,64GB,Có,2022-5-8
123547395,Điện Thoại iPhone 13 128GB  - Hàng  Chính Hãng,https://tiki.vn/product-p123547395.html?spid=168778791,20490000,20490000,5,748,available,instock,Apple,,,,,,,,Trung Quốc,,,,,,2022-5-8
121790468,Điện Thoại iPhone 11 128GB - Hàng Chính Hãng,https://tiki.vn/product-p121790468.html?spid=32033732,13550000,13550000,4.8,375,available,instock,Apple,Dual Camera 12.0 MP,12 MP,Apple GPU 4 nhân,Apple A13 Bionic,,<p>150.9 x 75.7 x 8.3 mm</p>,IPS LCD/ Liquid Retina HD,,194 g,4GB,HD (828 x 1792 pixels),128GB,802.11ac,2022-5-8
123554518,Điện Thoại iPhone 13 Pro Max 256GB  - Hàng  Chính Hãng,https://tiki.vn/product-p123554518.html?spid=123554531,31990000,31990000,5,488,available,instock,Apple,3 Camera: Góc rộng ống kính f/1.8 - Tele - Siêu rộng, 09/2021, Apple GPU 5 nhân,Apple A15 Bionic 6 nhân,3.22 GHz,160.8 x 78.1 x 7.4 mm,"OLED, Tần số quét 120 Hz, Kính cường lực Ceramic Shield",Trung Quốc,228g,6GB,1284 x 2778 pixels,256GB,Wifi 6,2022-5-8
123554528,Điện Thoại iPhone 13 Pro Max 128GB  - Hàng  Chính Hãng,https://tiki.vn/product-p123554528.html?spid=123554543,29450000,29490000,5,651,available,instock,Apple,3 camera 12 MP,12MP, Apple GPU 5 nhân,Chip A15 Bionic (5nm),3.22 GHz,160.8 x 78.1 x 7.4 mm,"OLED, Tần số quét 120 Hz, Kính cường lực Ceramic Shield",Trung Quốc,228g,6GB,1284 x 2778 pixels,128GB,Wifi 6,2022-5-8
123547396,Điện Thoại iPhone 13 256GB  - Hàng  Chính Hãng,https://tiki.vn/product-p123547396.html?spid=123547409,22950000,22990000,5,512,available,instock,Apple,2 Camera: Góc rộng ống kính f/1.8 - Siêu rộng,,,Chip A15 Bionic (5nm),,146.7 x 71.5 x 7.4 mm,Super Retina XDR,Trung Quốc,164g,4GB,,256GB,Wifi 6,2022-5-8
123547404,Điện Thoại iPhone 13 Mini 128GB  - Hàng  Chính Hãng,https://tiki.vn/product-p123547404.html?spid=168777584,18450000,18490000,5,128,available,instock,Apple,Góc rộng ống kính f/1.8 - Siêu rộng,,GPU 4 nhân,Chip A15 Bionic (5nm),,131.5 x 64.2 x 7.4 mm,Super Retina XDR,Trung Quốc,135g,4GB,,128GB,WiFi 6E,2022-5-8
123348908,Điện Thoại iPhone 12 128GB - Hàng Chính Hãng,https://tiki.vn/product-p123348908.html?spid=70766429,18290000,18290000,5,121,available,instock,Apple,12 MP + 12 MP,12 MP,Apple GPU (4-core graphics),Apple A14 Bionic (5 nm),,146.7 x 71.5 x 7.4 mm,"Super Retina XDR OLED, HDR10, Dolby Vision, Wide color gamut, True-tone",Trung Quốc,164g,4GB,,128GB,Có,2022-5-8
123547439,Điện Thoại iPhone 13 Mini 256GB  - Hàng  Chính Hãng,https://tiki.vn/product-p123547439.html?spid=168778785,20490000,20490000,4.8,32,available,instock,Apple,,,,,,,,Trung Quốc,,,,,,2022-5-8
123554519,Điện Thoại iPhone 13 Pro Max 512GB  - Hàng  Chính Hãng,https://tiki.vn/product-p123554519.html?spid=168778801,37990000,37990000,4.8,59,available,instock,Apple,,,,,,,,Trung Quốc,,,,,,2022-5-8
123554520,Điện Thoại iPhone 13 Pro 256GB  - Hàng  Chính Hãng,https://tiki.vn/product-p123554520.html?spid=168778799,29450000,29490000,5,170,available,instock,Apple,,,,,,,,Trung Quốc,,,,,,2022-5-8
123547339,Điện Thoại iPhone 13 512GB  - Hàng  Chính Hãng,https://tiki.vn/product-p123547339.html?spid=123547341,23990000,23990000,5,18,available,instock,Apple,2 Camera: Góc rộng ống kính f/1.8 - Siêu rộng,,,Chip A15 Bionic (5nm),,146.7 x 71.5 x 7.4 mm,Super Retina XDR,Trung Quốc,164g,4GB,,512GB,Wifi 6,2022-5-8
73187624,Ốp Lưng Case Magsafe Trong Suốt Dành Cho iPhone 12 mini / iPhone 12 / iPhone 12 Pro / iPhone 12 Promax,https://tiki.vn/product-p73187624.html?spid=76747792,169000,169000,4,4,available,instock,OEM,,,,,,,,Việt Nam,,,,,,2022-5-8
138306738,Ốp Lưng dành cho iPhone 13/iPhone 13 Pro/iPhone 13 Mini/iPhone 13 Pro Max UAG Plasma Series - Hàng Chính Hãng,https://tiki.vn/product-p138306738.html?spid=125001497,810000,950000,4.6,8,available,backorder,UAG,,,,,,,,Đài Loan,0.1kg,,,,,2022-5-8
55317648,Ốp Lưng TPU 2 Màu cho iPhone 11 / iPhone 11 Pro / iPhone 11 Pro Max,https://tiki.vn/product-p55317648.html?spid=105606085,120000,120000,0,0,available,instock,OEM,,,,,,,,Trung Quốc,,,,,,2022-5-8
84866123,"Case Ốp Lưng Bò Sữa Dành Cho Iphone 11, iPhone 11 Pro Max, iPhone 12, iPhone 12 Pro, iPhone 12 Pro Max",https://tiki.vn/product-p84866123.html?spid=84866135,69000,129000,4.5,7,available,instock,OEM,,,,,,,,Trung Quốc,,,,,,2022-5-8
138940885,Ốp lưng dành cho Iphone 13 Mini - Iphone 13 - Iphone 13 Pro -  Iphone 13 Pro Max - Ôm Vũ Trụ,https://tiki.vn/product-p138940885.html?spid=138940889,69000,71000,5,3,available,backorder,OEM,,,,,,,,Việt Nam,0.2,,,,,2022-5-8
73637020,"Case Iphone 12 Pro Max - Ốp Lưng Chống Sốc Che Camera Cho Iphone 12, Iphone 12 Pro, Iphone 12 Pro Max",https://tiki.vn/product-p73637020.html?spid=73637030,29000,49000,4.5,67,available,instock,OEM,,,,,,,,Trung Quốc,,,,,,2022-5-8
70823216,Miếng Dán Cường Lực Mipow Kingbull Premium HD (2.7D) iPhone 12 Mini / iPhone 12/ iPhone 12 Pro/ iPhone 12 ProMax,https://tiki.vn/product-p70823216.html?spid=72860226,140000,160000,4.6,39,available,instock,MIPOW,,,,,,,,Trung Quốc,,,,,,2022-5-8
134958353,"Case Iphone 11 Pro Max - Ốp Lưng Chống Sốc Che Camera Dành Cho Iphone 11, Iphone 11 Pro, Iphone 11 Pro Max",https://tiki.vn/product-p134958353.html?spid=134958357,70000,70000,3.9,7,available,instock,OEM,,,,,,,,Trung Quốc,,,,,,2022-5-8
138941194,Ốp lưng dành cho Iphone 13 Mini - Iphone 13 - Iphone 13 Pro -  Iphone 13 Pro Max - Vạn Sự Tuỳ Duyên,https://tiki.vn/product-p138941194.html?spid=138941200,69000,71000,5,1,available,backorder,OEM,,,,,,,,Việt Nam,0.2,,,,,2022-5-8
141501067,Ốp lưng dành cho Iphone 13 Mini - Iphone 13 - Iphone 13 Pro -  Iphone 13 Pro Max - Nhện Đen,https://tiki.vn/product-p141501067.html?spid=141501071,60000,67000,0,0,available,backorder,OEM,,,,,,,,Việt Nam,0.2,,,,,2022-5-8
141500832,Ốp lưng dành cho Iphone 13 Mini - Iphone 13 - Iphone 13 Pro -  Iphone 13 Pro Max - Sen Đêm,https://tiki.vn/product-p141500832.html?spid=141500834,57000,67000,1,1,available,backorder,OEM,,,,,,,,Việt Nam,0.2,,,,,2022-5-8
72635446,Miếng Dán Cường Lực Mờ Mipow Kingbull ANTI-GLARE PREMIUM HD (2.7D) Dành Cho Iphone 12 Mini / Iphone 12/ Iphone 12 Pro/ Iphone 12 Promax - Iphone 12/ iPhone 12 Pro - Hàng Chính Hãng,https://tiki.vn/product-p72635446.html?spid=72796460,202000,245000,4,1,available,instock,MIPOW,,,,,,,,Trung Quốc,,,,,,2022-5-8
162524627,Ốp lưng dành cho Iphone 13 Mini - Iphone 13 - Iphone 13 Pro -  Iphone 13 Pro Max - Anime Nezuko,https://tiki.vn/product-p162524627.html?spid=162524631,80000,80000,0,0,available,backorder,OEM,,,,,,,,Việt Nam,0.2,,,,,2022-5-8
141501409,Ốp lưng dành cho Iphone 13 Mini - Iphone 13 - Iphone 13 Pro -  Iphone 13 Pro Max - Thỏ Hồng,https://tiki.vn/product-p141501409.html?spid=141501413,50000,67000,0,0,available,backorder,OEM,,,,,,,,Việt Nam,0.2,,,,,2022-5-8
141501165,Ốp lưng dành cho Iphone 13 Mini - Iphone 13 - Iphone 13 Pro -  Iphone 13 Pro Max - Pi Vàng,https://tiki.vn/product-p141501165.html?spid=141501173,56000,67000,0,0,available,backorder,OEM,,,,,,,,Việt Nam,0.2,,,,,2022-5-8
162516233,Ốp lưng dành cho Iphone 13 Mini - Iphone 13 - Iphone 13 Pro -  Iphone 13 Pro Max - Hổ Đa Sắc,https://tiki.vn/product-p162516233.html?spid=162516235,80000,80000,0,0,available,backorder,OEM,,,,,,,,Việt Nam,0.2,,,,,2022-5-8
141501111,Ốp lưng dành cho Iphone 13 Mini - Iphone 13 - Iphone 13 Pro -  Iphone 13 Pro Max - Đạo Chú Tiểu,https://tiki.vn/product-p141501111.html?spid=141501118,60000,67000,0,0,available,backorder,OEM,,,,,,,,Việt Nam,0.2,,,,,2022-5-8
138939656,Ốp lưng dành cho Iphone 13 Mini - Iphone 13 - Iphone 13 Pro -  Iphone 13 Pro Max - Boy Vũ Trụ,https://tiki.vn/product-p138939656.html?spid=138939664,69000,71000,0,0,available,backorder,OEM,,,,,,,,Việt Nam,0.2,,,,,2022-5-8
141500317,Ốp lưng dành cho Iphone 13 Mini - Iphone 13 - Iphone 13 Pro -  Iphone 13 Pro Max - Hoạ tiết Mặt Trời,https://tiki.vn/product-p141500317.html?spid=141500326,57000,67000,0,0,available,backorder,OEM,,,,,,,,Việt Nam,0.2,,,,,2022-5-8
138941597,Ốp lưng dành cho Iphone 13 Mini - Iphone 13 - Iphone 13 Pro -  Iphone 13 Pro Max - Hồng Đỏ Nền Đen,https://tiki.vn/product-p138941597.html?spid=138941607,69000,71000,0,0,available,backorder,OEM,,,,,,,,Việt Nam,0.2,,,,,2022-5-8
51660690,Ốp lưng iPhone in 3D hình rồng dạ quang phát sáng ban đêm ( Dành cho iPhone 11 / iPhone 11 Pro/ iPhone Pro Max),https://tiki.vn/product-p51660690.html?spid=51660692,210000,210000,4,1,available,backorder,OEM,,,,,,,,Trung Quốc,0.05gram,,,,,2022-5-8
138940203,Ốp lưng dành cho Iphone 13 Mini - Iphone 13 - Iphone 13 Pro -  Iphone 13 Pro Max - Họa Tiết Hoa Vàng 2,https://tiki.vn/product-p138940203.html?spid=138940205,67000,67000,0,0,available,backorder,OEM,,,,,,,,Việt Nam,0.2,,,,,2022-5-8
73189013,Miếng Dán Cường Lực 20D Cho iPhone 12/ iPhone 12 Pro/ iPhone 12 Mini/ iPhone 12 ProMax (Hàng chính hãng),https://tiki.vn/product-p73189013.html?spid=73189019,59000,59000,4.5,32,available,instock,CAVARA,,,,,,,,Việt Nam,,,,,,2022-5-8
140222238,"Con mắt camera màu titan dành cho các dòng iPhone 13 ,iphone 13 minni, iphone 13 pro , iphone 13 promax",https://tiki.vn/product-p140222238.html?spid=140222240,50000,50000,5,4,available,backorder,OEM,,,,,,,,Việt Nam,,,,,,2022-5-8
138940047,Ốp lưng dành cho Iphone 13 Mini - Iphone 13 - Iphone 13 Pro -  Iphone 13 Pro Max - Doremon Giận,https://tiki.vn/product-p138940047.html?spid=138940051,65000,67000,0,0,available,backorder,OEM,,,,,,,,Việt Nam,0.2,,,,,2022-5-8
138940698,Ốp lưng dành cho Iphone 13 Mini - Iphone 13 - Iphone 13 Pro -  Iphone 13 Pro Max - Ruby Key,https://tiki.vn/product-p138940698.html?spid=138940702,69000,71000,0,0,available,backorder,OEM,,,,,,,,Việt Nam,0.2,,,,,2022-5-8
109523953,Ốp Lưng iPhone 12/iPhone 12 Pro/iPhone 12 Pro Max/iPhone 12 Mini X-Doria Defense Clear - Hàng Nhập Khẩu,https://tiki.vn/product-p109523953.html?spid=109523967,475000,475000,0,0,available,backorder,X-doria,,,,,,,,Trung Quốc,,,,,,2022-5-8
138941158,Ốp lưng dành cho Iphone 13 Mini - Iphone 13 - Iphone 13 Pro -  Iphone 13 Pro Max - Iron Man 3D,https://tiki.vn/product-p138941158.html?spid=138941166,69000,71000,0,0,available,backorder,OEM,,,,,,,,Việt Nam,0.2,,,,,2022-5-8
141500570,Ốp lưng dành cho Iphone 13 Mini - Iphone 13 - Iphone 13 Pro -  Iphone 13 Pro Max - Chú Heo Con 1,https://tiki.vn/product-p141500570.html?spid=141500574,60000,67000,0,0,available,backorder,OEM,,,,,,,,Việt Nam,0.2,,,,,2022-5-8
141500435,Ốp lưng dành cho Iphone 13 Mini - Iphone 13 - Iphone 13 Pro -  Iphone 13 Pro Max - Ngọc Đỏ Và Rồng,https://tiki.vn/product-p141500435.html?spid=141500437,55000,67000,0,0,available,backorder,OEM,,,,,,,,Việt Nam,0.2,,,,,2022-5-8
138941600,Ốp lưng dành cho Iphone 13 Mini - Iphone 13 - Iphone 13 Pro -  Iphone 13 Pro Max - Mắt Vàng Nền Đen,https://tiki.vn/product-p138941600.html?spid=138941608,69000,71000,0,0,available,backorder,OEM,,,,,,,,Việt Nam,0.2,,,,,2022-5-8
141500966,Ốp lưng dành cho Iphone 13 Mini - Iphone 13 - Iphone 13 Pro -  Iphone 13 Pro Max - Tàu Vũ Trụ,https://tiki.vn/product-p141500966.html?spid=141500972,50000,67000,0,0,available,backorder,OEM,,,,,,,,Việt Nam,0.2,,,,,2022-5-8
50228248,"Kính cường lực cho iPhone 11 Pro Max, iPhone 11 Pro, iPhone 11, iPhone XS Max, iPhone X, iPhone XR chính hãng HOCO trong suốt HD",https://tiki.vn/product-p50228248.html?spid=50693781,90000,90000,4,20,available,backorder,Hoco,,,,,,,,Trung Quốc,,,,,,2022-5-8
157315204,Ốp lưng dành cho Iphone 12 Mini - Iphone 12 - Iphone 12 Pro - Iphone 12 Pro Max - Thư Pháp Lộc,https://tiki.vn/product-p157315204.html?spid=157315211,80000,80000,0,0,available,backorder,OEM,,,,,,,,Việt Nam,0.2,,,,,2022-5-8
141501494,Ốp lưng dành cho Iphone 13 Mini - Iphone 13 - Iphone 13 Pro -  Iphone 13 Pro Max - Dore Nền Vàng,https://tiki.vn/product-p141501494.html?spid=141501502,60000,67000,0,0,available,backorder,OEM,,,,,,,,Việt Nam,0.2,,,,,2022-5-8
138941341,Ốp lưng dành cho Iphone 13 Mini - Iphone 13 - Iphone 13 Pro -  Iphone 13 Pro Max - Mèo Cầu Cứu,https://tiki.vn/product-p138941341.html?spid=138941345,69000,71000,0,0,available,backorder,OEM,,,,,,,,Việt Nam,0.2,,,,,2022-5-8
138939847,Ốp lưng dành cho Iphone 13 Mini - Iphone 13 - Iphone 13 Pro -  Iphone 13 Pro Max - Cá Betta Xanh,https://tiki.vn/product-p138939847.html?spid=138939849,65000,67000,0,0,available,backorder,OEM,,,,,,,,Việt Nam,0.2,,,,,2022-5-8
160543098,"MIẾNG DÁN MÀN HÌNH CƯỜNG LỰC DÀNH CHO IPHONE 12 MINI , IPHONE 12 , IPHONE 12 PRO, IPHONE 12 PROMAX",https://tiki.vn/product-p160543098.html?spid=160543103,16000,16000,0,0,available,backorder,OEM,,,,,,,,Việt Nam,,,,,,2022-5-8
141500561,Ốp lưng dành cho Iphone 13 Mini - Iphone 13 - Iphone 13 Pro -  Iphone 13 Pro Max - Nhện Đỏ Đen,https://tiki.vn/product-p141500561.html?spid=141500563,58000,67000,0,0,available,backorder,OEM,,,,,,,,Việt Nam,0.2,,,,,2022-5-8
141499831,Ốp lưng dành cho Iphone 13 Mini - Iphone 13 - Iphone 13 Pro -  Iphone 13 Pro Max - Cặp Đôi Xanh Hồng,https://tiki.vn/product-p141499831.html?spid=141499836,60000,67000,0,0,available,backorder,OEM,,,,,,,,Việt Nam,0.2,,,,,2022-5-8
91801678,Ốp lưng da ví gập cho iPhone 12 iPhone 11 Pro Max iPhone 12,https://tiki.vn/product-p91801678.html?spid=91801883,145000,145000,0,0,available,backorder,OEM,,,,,,,,china,,,,,,2022-5-8
141501462,Ốp lưng dành cho Iphone 13 Mini - Iphone 13 - Iphone 13 Pro -  Iphone 13 Pro Max - Rồng Xanh,https://tiki.vn/product-p141501462.html?spid=141501476,58000,67000,0,0,available,backorder,OEM,,,,,,,,Việt Nam,0.2,,,,,2022-5-8
141501740,Ốp lưng dành cho Iphone 13 Mini - Iphone 13 - Iphone 13 Pro -  Iphone 13 Pro Max - Panda 1,https://tiki.vn/product-p141501740.html?spid=141501746,57000,67000,0,0,available,backorder,OEM,,,,,,,,Việt Nam,0.2,,,,,2022-5-8
141500597,Ốp lưng dành cho Iphone 13 Mini - Iphone 13 - Iphone 13 Pro -  Iphone 13 Pro Max - Người Nhện Bay,https://tiki.vn/product-p141500597.html?spid=141500601,60000,67000,5,1,available,backorder,OEM,,,,,,,,Việt Nam,0.2,,,,,2022-5-8
138940847,Ốp lưng dành cho Iphone 13 Mini - Iphone 13 - Iphone 13 Pro -  Iphone 13 Pro Max - Hạc Chòm Sao,https://tiki.vn/product-p138940847.html?spid=138940859,69000,71000,0,0,available,backorder,OEM,,,,,,,,Việt Nam,0.2,,,,,2022-5-8
141501273,Ốp lưng dành cho Iphone 13 Mini - Iphone 13 - Iphone 13 Pro -  Iphone 13 Pro Max - Mèo Nền Đen,https://tiki.vn/product-p141501273.html?spid=141501279,57000,67000,0,0,available,backorder,OEM,,,,,,,,Việt Nam,0.2,,,,,2022-5-8
141500425,Ốp lưng dành cho Iphone 13 Mini - Iphone 13 - Iphone 13 Pro -  Iphone 13 Pro Max - Khiêng Vàng Đen,https://tiki.vn/product-p141500425.html?spid=141500432,50000,67000,0,0,available,backorder,OEM,,,,,,,,Việt Nam,0.2,,,,,2022-5-8
138940365,Ốp lưng dành cho Iphone 13 Mini - Iphone 13 - Iphone 13 Pro -  Iphone 13 Pro Max - Hoa Hồng Đỏ,https://tiki.vn/product-p138940365.html?spid=138940369,69000,71000,0,0,available,backorder,OEM,,,,,,,,Việt Nam,0.2,,,,,2022-5-8
141500275,Ốp lưng dành cho Iphone 13 Mini - Iphone 13 - Iphone 13 Pro -  Iphone 13 Pro Max - Cô Gái Nền Xanh,https://tiki.vn/product-p141500275.html?spid=141500286,56000,67000,0,0,available,backorder,OEM,,,,,,,,Việt Nam,0.2,,,,,2022-5-8
138940473,Ốp lưng dành cho Iphone 13 Mini - Iphone 13 - Iphone 13 Pro -  Iphone 13 Pro Max - Hoạ Tiết Nền Đỏ,https://tiki.vn/product-p138940473.html?spid=138940477,69000,71000,0,0,available,backorder,OEM,,,,,,,,Việt Nam,0.2,,,,,2022-5-8
122966599,Kính Chống Nhìn Trộm Dành Cho Điện Thoại Iphone IPHONE 6/6S+ IPHONE 7/8+ IPHONEX/XS IPHONE XSMAX,https://tiki.vn/product-p122966599.html?spid=122966611,80000,80000,0,0,available,backorder,OEM,,,,,,,,Việt Nam,,,,,,2022-5-8
162522233,Ốp lưng dành cho Iphone 12 Mini - Iphone 12 - Iphone 12 Pro -  Iphone 12 Pro Max - Hổ Sắc Họa,https://tiki.vn/product-p162522233.html?spid=162522235,80000,80000,0,0,available,backorder,OEM,,,,,,,,Việt Nam,0.2,,,,,2022-5-8
138939289,Ốp lưng dành cho Iphone 13 Mini - Iphone 13 - Iphone 13 Pro -  Iphone 13 Pro Max - Cọng Tai Nghe,https://tiki.vn/product-p138939289.html?spid=138939303,69000,71000,5,1,available,backorder,OEM,,,,,,,,Việt Nam,0.2,,,,,2022-5-8
138941104,Ốp lưng dành cho Iphone 13 Mini - Iphone 13 - Iphone 13 Pro -  Iphone 13 Pro Max - Siêu Xe Đen,https://tiki.vn/product-p138941104.html?spid=138941114,69000,71000,0,0,available,backorder,OEM,,,,,,,,Việt Nam,0.2,,,,,2022-5-8
138941624,Ốp lưng dành cho Iphone 13 Mini - Iphone 13 - Iphone 13 Pro -  Iphone 13 Pro Max - Mặt Nạ Trắng,https://tiki.vn/product-p138941624.html?spid=138941626,69000,71000,0,0,available,backorder,OEM,,,,,,,,Việt Nam,0.2,,,,,2022-5-8
141500999,Ốp lưng dành cho Iphone 13 Mini - Iphone 13 - Iphone 13 Pro -  Iphone 13 Pro Max - Chim Công Nền Da,https://tiki.vn/product-p141500999.html?spid=141501007,58000,67000,0,0,available,backorder,OEM,,,,,,,,Việt Nam,0.2,,,,,2022-5-8
138941748,Ốp lưng dành cho Iphone 13 Mini - Iphone 13 - Iphone 13 Pro -  Iphone 13 Pro Max - Tranh Sen,https://tiki.vn/product-p138941748.html?spid=138941750,69000,71000,0,0,available,backorder,OEM,,,,,,,,Việt Nam,0.2,,,,,2022-5-8
141498486,Ốp lưng dành cho Iphone 13 Mini - Iphone 13 - Iphone 13 Pro -  Iphone 13 Pro Max - 3 Chú Gấu Ôm,https://tiki.vn/product-p141498486.html?spid=141498490,56000,67000,0,0,available,backorder,OEM,,,,,,,,Việt Nam,0.2,,,,,2022-5-8
141501722,Ốp lưng dành cho Iphone 13 Mini - Iphone 13 - Iphone 13 Pro -  Iphone 13 Pro Max - Người Vũ Trụ,https://tiki.vn/product-p141501722.html?spid=141501730,57000,67000,5,2,available,backorder,OEM,,,,,,,,Việt Nam,0.2,,,,,2022-5-8
138941779,Ốp lưng dành cho Iphone 13 Mini - Iphone 13 - Iphone 13 Pro -  Iphone 13 Pro Max - Vô Thường 1,https://tiki.vn/product-p138941779.html?spid=138941781,69000,71000,5,2,available,backorder,OEM,,,,,,,,Việt Nam,0.2,,,,,2022-5-8
138939696,Ốp lưng dành cho Iphone 13 Mini - Iphone 13 - Iphone 13 Pro -  Iphone 13 Pro Max - Bịt Mắt Vàng Đen,https://tiki.vn/product-p138939696.html?spid=138939700,65000,67000,0,0,available,backorder,OEM,,,,,,,,Việt Nam,0.2,,,,,2022-5-8
14853908,"Ốp lưng dành cho iPhone 5, iPhone 5S, iPhone SE mẫu Thiên văn học",https://tiki.vn/product-p14853908.html?spid=14853909,58000,100000,4.7,3,available,backorder,OEM,,,,,,123.8 x 58.6 x 7.6 mm,,Việt Nam,,,,,,2022-5-8
138940257,Ốp lưng dành cho Iphone 13 Mini - Iphone 13 - Iphone 13 Pro -  Iphone 13 Pro Max - Hoa Đêm,https://tiki.vn/product-p138940257.html?spid=138940261,69000,71000,4.8,4,available,backorder,OEM,,,,,,,,Việt Nam,0.2,,,,,2022-5-8
91793263,Ốp lưng da ví gập cho iPhone 12 iPhone 11 Pro Max iPhone 12 mini iPhone X XS MAX XR,https://tiki.vn/product-p91793263.html?spid=91793294,175000,175000,0,0,available,backorder,OEM,,,,,,,,china,,,,,,2022-5-8
141500246,Ốp lưng dành cho Iphone 13 Mini - Iphone 13 - Iphone 13 Pro -  Iphone 13 Pro Max - One Hồng,https://tiki.vn/product-p141500246.html?spid=141500261,56000,67000,0,0,available,backorder,OEM,,,,,,,,Việt Nam,0.2,,,,,2022-5-8
138939610,Ốp lưng dành cho Iphone 13 Mini - Iphone 13 - Iphone 13 Pro -  Iphone 13 Pro Max - Cặp Mắt Vàng Trên,https://tiki.vn/product-p138939610.html?spid=138939620,65000,67000,5,1,available,backorder,OEM,,,,,,,,Việt Nam,0.2,,,,,2022-5-8
171217833,Bao Da Dành Cho IPHONE 5/ IPHONE 5S,https://tiki.vn/product-p171217833.html?spid=171217834,139000,139000,0,0,available,backorder,OEM,,,,,,,,Trung Quốc,0.1,,,,,2022-5-8
157292276,Ốp lưng dành cho Iphone 13 Mini - Iphone 13 - Iphone 13 Pro -  Iphone 13 Pro Max - Thư Pháp Nhẫn,https://tiki.vn/product-p157292276.html?spid=157292280,80000,80000,0,0,available,backorder,OEM,,,,,,,,Việt Nam,0.2,,,,,2022-5-8
141498494,Ốp lưng dành cho Iphone 13 Mini - Iphone 13 - Iphone 13 Pro -  Iphone 13 Pro Max - Âm Dương 1,https://tiki.vn/product-p141498494.html?spid=141498500,56000,67000,0,0,available,backorder,OEM,,,,,,,,Việt Nam,0.2,,,,,2022-5-8
138940094,Ốp lưng dành cho Iphone 13 Mini - Iphone 13 - Iphone 13 Pro -  Iphone 13 Pro Max - Enjoy Your Day,https://tiki.vn/product-p138940094.html?spid=138940102,69000,71000,0,0,available,backorder,OEM,,,,,,,,Việt Nam,0.2,,,,,2022-5-8
141500770,Ốp lưng dành cho Iphone 13 Mini - Iphone 13 - Iphone 13 Pro -  Iphone 13 Pro Max - Người Nhện Trắng,https://tiki.vn/product-p141500770.html?spid=141500781,57000,67000,0,0,available,backorder,OEM,,,,,,,,Việt Nam,0.2,,,,,2022-5-8
141498948,Ốp lưng dành cho Iphone 13 Mini - Iphone 13 - Iphone 13 Pro -  Iphone 13 Pro Max - Chiến Binh Mùa Đông,https://tiki.vn/product-p141498948.html?spid=141498983,50000,67000,0,0,available,backorder,OEM,,,,,,,,Việt Nam,0.2,,,,,2022-5-8
73341084,Ốp Lưng Bảo Vệ Phát Sáng Cho iPhone 12 Mini / iPhone 12/ iPhone 12 Pro/ iPhone 12 Promax Hình Người Nhện,https://tiki.vn/product-p73341084.html?spid=73341086,99000,99000,4,2,available,instock,FLOVEME,,,,,,,,Việt Nam,,,,,,2022-5-8
138941388,Ốp lưng dành cho Iphone 13 Mini - Iphone 13 - Iphone 13 Pro -  Iphone 13 Pro Max - Tâm An,https://tiki.vn/product-p138941388.html?spid=138941398,69000,71000,5,1,available,backorder,OEM,,,,,,,,Việt Nam,0.2,,,,,2022-5-8
138940518,Ốp lưng dành cho Iphone 13 Mini - Iphone 13 - Iphone 13 Pro -  Iphone 13 Pro Max - Doremon Doremon,https://tiki.vn/product-p138940518.html?spid=138940522,69000,71000,5,1,available,backorder,OEM,,,,,,,,Việt Nam,0.2,,,,,2022-5-8
138939913,Ốp lưng dành cho Iphone 13 Mini - Iphone 13 - Iphone 13 Pro -  Iphone 13 Pro Max - Du Hành Ôm Sao,https://tiki.vn/product-p138939913.html?spid=138939915,65000,67000,0,0,available,backorder,OEM,,,,,,,,Việt Nam,0.2,,,,,2022-5-8
14853892,"Ốp lưng dành cho iPhone 5, iPhone 5S, iPhone SE mẫu Hoa trắng vàng đen",https://tiki.vn/product-p14853892.html?spid=14853893,60000,100000,0,0,available,backorder,OEM,,,,,,123.8 x 58.6 x 7.6 mm,,Việt Nam,,,,,,2022-5-8
141499644,Ốp lưng dành cho Iphone 13 Mini - Iphone 13 - Iphone 13 Pro -  Iphone 13 Pro Max - Hoa Lá Xanh,https://tiki.vn/product-p141499644.html?spid=141499649,60000,67000,0,0,available,backorder,OEM,,,,,,,,Việt Nam,0.2,,,,,2022-5-8
138941544,Ốp lưng dành cho Iphone 13 Mini - Iphone 13 - Iphone 13 Pro -  Iphone 13 Pro Max - Khủng Long Hồng,https://tiki.vn/product-p138941544.html?spid=138941560,69000,71000,5,1,available,backorder,OEM,,,,,,,,Việt Nam,0.2,,,,,2022-5-8
171234050,Bao Da Dành Cho IPHONE 12 Pro/ IPHONE 12,https://tiki.vn/product-p171234050.html?spid=171234052,139000,139000,0,0,available,backorder,OEM,,,,,,,,Trung Quốc,0.1,,,,,2022-5-8
138941444,Ốp lưng dành cho Iphone 13 Mini - Iphone 13 - Iphone 13 Pro -  Iphone 13 Pro Max - Hoa Và Cá Cam,https://tiki.vn/product-p138941444.html?spid=138941457,69000,71000,0,0,available,backorder,OEM,,,,,,,,Việt Nam,0.2,,,,,2022-5-8
138939389,Ốp lưng dành cho Iphone 13 Mini - Iphone 13 - Iphone 13 Pro -  Iphone 13 Pro Max - Cô gái đầm đỏ,https://tiki.vn/product-p138939389.html?spid=138939393,67000,67000,0,0,available,backorder,OEM,,,,,,,,Việt Nam,0.2,,,,,2022-5-8
144923785,Apple MacBook Pro M1 PRO 2021 - 14 Inchs (M1 PRO - 16GB - 512GB/ 1TB) - Hàng Chính Hãng,https://tiki.vn/product-p144923785.html?spid=144923789,48700000,48700000,5,35,available,instock,Apple,,,,Apple M1 Pro,,<p>1.55 x 31.26 x 22.12 cm</p>,"120Hz, Liquid Retina, Mini LED, XDR",Trung Quốc,1.6kg,16GB,,,802.11ax Wi-Fi 6,2022-5-8
144870451,Apple MacBook Pro M1 PRO 2021 - 16 Inchs (M1 PRO - 16GB / 32GB - 512GB / 1TB) - Hàng Chính Hãng,https://tiki.vn/product-p144870451.html?spid=144870455,59590000,59590000,4.7,6,available,instock,Apple,,,,Apple M1 Pro,,<p>1.68 x 35.57 x 24.81 cm</p>,"120Hz, Liquid Retina, Mini LED, XDR",Trung Quốc,2.1kg,16GB,,,802.11ax Wi-Fi 6,2022-5-8
172953047,"Mac Studio 2022 (Apple M1 Max with 10-core CPU, 24-core GPU, 16-core Neural Engine. 32GB /512GB) - MJMV3SA/A - Hàng Chính Hãng",https://tiki.vn/product-p172953047.html?spid=172953052,54990000,54990000,0,0,available,instock,Apple,,,,,,,,Trung Quốc,,,,,,2022-5-8
124742926,Apple MacBook Air M1 2020 - 13 Inchs (8GB / 16GB - 256GB / 512GB) - Hàng Chính Hãng,https://tiki.vn/product-p124742926.html?spid=73795625,23400000,23400000,5,676,available,instock,Apple,,,,,,,13.3-inch (diagonal) LED-backlit display with IPS technology; 2560-by-1600 native resolution at 227 pixels per inch with support for millions of colors 400 nits brightness; Wide color (P3); True Tone technology,Trung Quốc,,8GB,,,802.11ax Wi-Fi 6 wireless networking,2022-5-8
125013938,Apple MacBook Pro M1 2020 - 13 Inchs (8GB / 16GB - 256GB / 512GB) - Hàng Chính Hãng,https://tiki.vn/product-p125013938.html?spid=73795657,30500000,30500000,4.8,496,available,instock,Apple,,,,Apple M1,,<p>1.56 cm x 30.41 cm x 21.24 cm</p>,"LED-backlit display with IPS technology; 2560-by-1600 native resolution at 227 pixels per inch with support for millions of colors 500 nits brightness; Wide color gamut (P3), True Tone technology",Trung Quốc,1.4 kg,8GB unified memory,WQXGA (2560 x 1600),,802.11ax WI-FI 6 wireless networking; IEEE 802.11a/b/g/n/ac compatible; Bluetooth 5.0 wireless technology,2022-5-8
124903733,Apple Mac Mini M1 2020 - 13 Inchs (8GB / 16GB - 256GB / 512GB) - Hàng Chính Hãng,https://tiki.vn/product-p124903733.html?spid=73788532,21590000,21990000,5,169,available,instock,Apple,,,,"Apple M1 chip with 8-core CPU, 8-core GPU, and 16-core Neural Engine",,<p>3.6 cm x 19.7 cm x 19.7 cm</p>,,Trung Quốc,1.2 kg,8GB,,,802.11ax Wi-Fi 6 wireless networking,2022-5-8
173404215,Apple MacBook Pro 2021 M1 PRO - 14 Inchs (Apple M1 PRO 10 CPU - 16GPU - 32GB/ 512GB - 96W)  - Hàng Chính Hãng,https://tiki.vn/product-p173404215.html?spid=170288003,64990000,64990000,5,1,available,instock,Apple,,,,Apple M1 Pro,,<p>1.55 x 31.26 x 22.12 cm</p>,"120Hz, Liquid Retina, Mini LED, XDR",Trung Quốc,1.6kg,16GB,,,802.11ax Wi-Fi 6,2022-5-8
48390639,Máy tính laptop Surface Pro 7 Core I3 Ram 4Gb Sdd 128Gb Brand New - Hàng chính hãng,https://tiki.vn/product-p48390639.html?spid=48390641,17369000,17369000,0,0,available,backorder,Surface,,,,,,,,Mỹ,,4GB,,,,2022-5-8
159848413,"Dán Chống Trộm Wiwu Magnetic Privacy Protector Dành Cho Macbook Chống Trầy Xước, Chống Lóa - Hàng Chính Hãng",https://tiki.vn/product-p159848413.html?spid=159848417,700000,700000,0,0,available,backorder,WIWU,,,,,,,,Trung Quốc,,,,,,2022-5-8
105038651,Túi chống sốc  (USA) 360° Protective Macbook - Surface 13.3inch Dazzling Blue - A13,https://tiki.vn/product-p105038651.html?spid=105038668,780000,780000,0,0,available,backorder,OEM,,,,,,,,Việt Nam,,,,,,2022-5-8
105038687,"Bộ dán JCPAL 5 in 1 cho New Macbook Pro 13"" năm (2020-2021), Macbook Pro M1 ( model A2251 ,A2289 , A2338))",https://tiki.vn/product-p105038687.html?spid=105038700,550000,550000,5,1,available,backorder,OEM,,,,,,,,Việt Nam,,,,,,2022-5-8
21162121,"Cổng Chuyển Hub USB C, Type-C ra HDMI 4K 60hz/ usb 3.0/ PD/ TF/ SD dành Cho Macbook Pro và Macbook Air",https://tiki.vn/product-p21162121.html?spid=100404704,459000,459000,1,1,available,backorder,OEM,,,,,,<p>15x5x2</p>,,,,,,,,2022-5-8
81961413,Decal Dán Laptop Cho Macbook Mac - 232,https://tiki.vn/product-p81961413.html?spid=81961419,115000,115000,0,0,available,backorder,OEM,,,,,,,,Việt Nam,,,,,,2022-5-8
41873601,Cáp chuyển Thunderbolt 3 ra HDMI/USB/ PD cho Macbook TH0531,https://tiki.vn/product-p41873601.html?spid=95866582,196300,196300,4.5,2,available,instock,OEM,,,,,,,,,300 gram,,,,,2022-5-8
127161546,Chuột Không Dây Cho Apple Macbook Air Dành Cho Xiaomi Macbook Pro Sạc Chuột Cho Huawei Matebook Máy Tính Xách Tay Máy Tính Laptop,https://tiki.vn/product-p127161546.html?spid=127161550,326000,466095,3,1,available,backorder,OEM,,,,,,,,china,,,,,,2022-5-8
117648444,"COMBO 3in1 - Case, ốp kèm phủ bàn phím dành cho Macbook [Tặng kèm nút chống bụi Macbook - Màu ngẫu nhiên] - Hàng chính hãng",https://tiki.vn/product-p117648444.html?spid=117648538,259000,259000,4.6,93,available,backorder,SMTech,,,,,,,,Trung Quốc,,,,,,2022-5-8
24712959,Túi chống sốc Macbook Laptop 2019,https://tiki.vn/product-p24712959.html?spid=56074967,141000,141000,4.7,164,available,instock,OEM,,,,,,"<p><em><span style=""font-size: 11pt; font-style: normal;"">Kích cỡ khoảng: dài x rộng x dầy</span></em></p>
<p class=""MsoNormal""><span lang=""EN-US"">+ size cho máy 11”-12”      dài 31.5cm x rộng 21.5cm x dầy 2,5cm</span></p>
<p class=""MsoNormal""><span lang=""EN-US"">+ size cho máy 13”            dài 34,5cm x rộng 23.5cm x dầy 2,5cm</span></p>
<p class=""MsoNormal""><span lang=""EN-US"">+ size cho máy 14”-15.4”   dài 37,5cm x rộng 26,5cm x dầy 2,5cm</span></p>
<p> </p>
<p class=""MsoNormal""><span lang=""EN-US"">+ size cho máy 15”.6         dài 40.5cm x rộng 29.5cm x dầy 3cm</span></p>
<p> </p>",,Trung Quốc,,,,,,2022-5-8
104108938,"Đầu cắm nguồn dành cho sạc Macbook, Macbook Air, Macbook Pro (dạng 2 chấu chân dẹt)",https://tiki.vn/product-p104108938.html?spid=112225818,55000,55000,4.5,16,available,instock,OEM,,,,,,,,Trung Quốc,,,,,,2022-5-8
17487958,Bao Da Bảo Vệ MacBook Thời Trang – Suede Skin,https://tiki.vn/product-p17487958.html?spid=17487970,300000,330000,4.2,25,available,instock,OEM,,,,,,,,,,,,,,2022-5-8
1310793,Túi Chống Sốc Macbook Laptop TCS - Xám Đậm,https://tiki.vn/product-p1310793.html?spid=58231019,197000,197000,4.7,179,available,instock,OEM,,,,,,,,Trung Quốc,,,,,,2022-5-8
1310585,Túi Chống Sốc Macbook Laptop TCS - Đen,https://tiki.vn/product-p1310585.html?spid=57086284,203900,203900,5,27,available,instock,OEM,,,,,,,,Trung Quốc,,,,,,2022-5-8
1310759,Túi Chống Sốc Macbook Laptop TCS - Hồng,https://tiki.vn/product-p1310759.html?spid=58231422,204000,225000,5,8,available,instock,OEM,,,,,,,,Trung Quốc,,,,,,2022-5-8
147674926,"(Video+Ảnh thật) Túi chống sốc macbook air, macbook pro chính hãng KINMAC - Chống sốc chuyên dụng, chống nước -KM04",https://tiki.vn/product-p147674926.html?spid=147674937,324500,324500,0,0,available,backorder,OEM,,,,,,,,Việt Nam,,,,,,2022-5-8
111920917,"(Mẫu mới 2021) Túi xách laptop, macbook cao cấp cho nữ. Túi đựng laptop, macbook thời trang 13inch, 14inch,15inch-16inch",https://tiki.vn/product-p111920917.html?spid=111920977,539000,539000,4,4,available,backorder,OEM,,,,,,,,Trung Quốc,,,,,,2022-5-8
98055418,"Túi chống sốc cao cấp cho laptop, MacBook - Oz133",https://tiki.vn/product-p98055418.html?spid=98055424,169000,203000,5,4,available,backorder,OEM,,,,,,"<p>Kích thước trong lòng túi: 13.3""=34x24cm, 14""=36.5x25.5cm, 15.6""=39.5x29cm (vui lòng cộng thêm độ dày máy vào 2 cạnh khi so với túi)</p>",,china,,,,,,2022-5-8
33401220,"Túi chống sốc dành cho Macbook Air, Macbook Pro, Laptop phối màu đặc biệt",https://tiki.vn/product-p33401220.html?spid=33401234,249000,249000,1,1,available,backorder,OEM,,,,,,"<p>13 inch: 34 x 24 x 3 (cm)</p>
<p>14 inch: 36 x 26 x 3 (cm)</p>
<p>15.6 inch: 38 x 28 x 3 (cm)</p>",,,,,,,,2022-5-8
32807618,"Túi chống sốc Macbook Air, Macbook Pro, Laptop kèm ngăn phụ đứng",https://tiki.vn/product-p32807618.html?spid=61714663,149000,149000,4.7,160,available,instock,OEM,,,,,,"<p>12 inch: 32 x 21 x 1.5 (cm)</p>
<p>13 inch: 35 x 25 x 1.5 (cm)</p>
<p>15.6 inch: 38 x 27 x 1.5 (cm)</p>",,,,,,,,2022-5-8
154630663,TÚI ĐEO TOMTOC A42 (USA) 360* SHOULDER BAGS MACBOOK PRO 13″NEW/MACBOOK AIR13″ 2019 GRAY,https://tiki.vn/product-p154630663.html?spid=154630671,1176000,1176000,0,0,available,backorder,OEM,,,,,,,,Việt Nam,,,,,,2022-5-8
42644566,Túi da chống sốc cho Macbook 13inch,https://tiki.vn/product-p42644566.html?spid=42644569,750000,750000,0,0,available,backorder,OEM,,,,,,,,,,,,,,2022-5-8
170817651,Túi da PU đựng máy tính xách tay thích hợp cho dòng Macbook Air Pro/Macbook Air 11/12/13.3/15.4 inch,https://tiki.vn/product-p170817651.html?spid=170817764,320600,320600,0,0,available,backorder,OEM,,,,,,,,Trung Quốc,,,,,,2022-5-8
21365805,"Túi Chống Sốc Macbook Laptop Cao Cấp 13,3"" - 15""",https://tiki.vn/product-p21365805.html?spid=56075158,148000,163000,4.8,91,available,instock,OEM,,,,,,"<p>Kích thước bên ngoài: 13""(36cm x 25cm x 3cm) 15"" (39cm x 28cm x 3cm)</p>
<p>Kích thước bên trong: 13""(34.5cm x 23.5cm x 2.5cm) 15"" (37.5cm x 26.5cm x 2.5cm)</p>",,,,,,,,2022-5-8
66724531,"Túi chống sốc laptop, macbook kháng nước SIVA wow SWN",https://tiki.vn/product-p66724531.html?spid=66724539,175000,259000,4.7,255,available,backorder,SIVA,,,,,,"<p>Dưới đây là kích thước bên trong túi cũng là phần đựng laptop</p>
<p>- 13 inch: 31.5 x 21.8 cm - dùng cho laptop 11.6, 12, 12.3, 12.5, 13, 13.3 viền mỏng, macbook 13 inch, macbook air M1. Chuẩn gọn đẹp.</p>
<p>- 14 inch: 34 x 23.5 cm - dùng cho laptop 14 inch.</p>
<p>- 15 inch: 36.5 x 25 cm - dùng cho laptop 15, 15.4, 15.6 viền mòng, macbook 15, 16 inch. Chuẩn gọn.</p>
<p>- 15.6 inch: 39 x 27cm - dùng cho laptop 15.6 inch.</p>
<p> Để biết laptop của Bạn phù hợp với size nào. Hãy xác định kích thước của laptop ( dài x rộng ) rồi so sánh với kích thước bên trong túi. Nếu nhỏ hơn là vừa. Rất đơn giản.</p>",,Việt Nam,,,,,,2022-5-8
54882142,"Túi chống sốc Macbook Air, Macbook Pro, Laptop kèm ngăn phụ ngang",https://tiki.vn/product-p54882142.html?spid=54882144,219000,219000,2.5,2,available,backorder,OEM,,,,,,,,Trung Quốc,,,,,,2022-5-8
111922844,"Balo Nhỏ Gọn 13.3"" Đựng Macbook/Laptop",https://tiki.vn/product-p111922844.html?spid=111923097,716870,716870,0,0,available,backorder,OEM,,,,,,,,Việt Nam,,,,,,2022-5-8
163831541,"Túi Thời Trang Công Sở Nữ Đựng Macbook, Laptop 13.3 inch",https://tiki.vn/product-p163831541.html?spid=163831555,510000,510000,0,0,available,backorder,OEM,,,,,,,,Trung Quốc,,,,,,2022-5-8
13669390,"Túi chống sốc cho Macbook Air/Pro 13.3""",https://tiki.vn/product-p13669390.html?spid=13669391,780000,780000,5,1,available,backorder,OEM,,,,,,,,,,,,,,2022-5-8
1310715,Túi Chống Sốc Macbook Laptop TCS - Xanh Đen,https://tiki.vn/product-p1310715.html?spid=72012502,179000,197000,4.5,4,available,instock,OEM,,,,,,,,Trung Quốc,,,,,,2022-5-8
24748417,"Túi chống sốc thổ cẩm 13.3 inch cho laptop, Macbook (T5)",https://tiki.vn/product-p24748417.html?spid=24748421,142000,171000,4.7,3,available,backorder,OEM,,,,,,,,,,,,,,2022-5-8
169808223,"Túi Chống Sốc dành cho Macbook Air, Macbook Pro Loại 11 inch, 13 inch, 15 inch Cao Cấp.",https://tiki.vn/product-p169808223.html?spid=169808257,89700,89700,0,0,available,backorder,OEM,,,,,,,,Việt Nam,,,,,,2022-5-8
148714717," Túi da bò thật ELEGANT DEMEANOR thủ công iPad, Macbook",https://tiki.vn/product-p148714717.html?spid=148714722,1176000,1176000,0,0,available,backorder,OEM,,,,,,,,Việt Nam,,,,,,2022-5-8
154631757,Túi đeo Tomtoc 360* Shoulder Bags Macbook 13/15' - A42,https://tiki.vn/product-p154631757.html?spid=154631791,1068000,1068000,0,0,available,backorder,OEM,,,,,,,,Việt Nam,,,,,,2022-5-8
16571568,"Túi chống sốc họa tiết hoa lá cho laptop, Macbook",https://tiki.vn/product-p16571568.html?spid=16571576,175000,210000,0,0,available,backorder,OEM,,,,,,"<p>Kích thước trong lòng túi: 14""=37.5x27.5cm, 15.6""=39x30cm (vui lòng cộng thêm độ dày máy vào 2 cạnh)</p>",,,,,,,,2022-5-8
169133022,"Cặp Xách Chống Sốc TomToc (USA) A14-D01 Macbook Pro 15""",https://tiki.vn/product-p169133022.html?spid=169133034,959000,959000,0,0,available,backorder,OEM,,,,,,,,Việt Nam,,,,,,2022-5-8
107905406,TÚI XÁCH CHỐNG SỐC TOMTOC (USA) Briefcase MACBOOK PRO 15” NEW,https://tiki.vn/product-p107905406.html?spid=107905409,907250,907250,0,0,available,backorder,Tomtoc,,,,,,,,Việt Nam,,,,,,2022-5-8
170314150,"Túi chống sốc laptop, macbook chống thấm, thời trang cao cấp.",https://tiki.vn/product-p170314150.html?spid=170314225,156000,156000,0,0,available,backorder,OEM,,,,,,,,Việt Nam,,,,,,2022-5-8
143888773,"Túi Macbook 15 Inch CoolBell chất liệu vải mềm, xanh dương",https://tiki.vn/product-p143888773.html?spid=143888775,598800,598800,0,0,available,backorder,OEM,,,,,,,,Việt Nam,,,,,,2022-5-8
147800652,"Túi Đựng Wiwu Blade Sleeve Dành Cho Macbook Pro, Macbook Air 13.3 Inch Chất Liệu Nylon Có Độ Bền Cao - Hàng Chính Hãng ",https://tiki.vn/product-p147800652.html?spid=147800654,660000,660000,4,1,available,backorder,WIWU,,,,,,<p>26*35*1cm</p>,,Trung Quốc,,,,,,2022-5-8
14875582,"Túi chống sốc cho Laptop và Macbook (13""-14""-15,6"")",https://tiki.vn/product-p14875582.html?spid=143340885,22000,22000,5,1,available,backorder,OEM,,,,,,,,,,,,,,2022-5-8
148696009,"Túi đựng Laptop, Macbook CoolBell  15inch có dây đeo",https://tiki.vn/product-p148696009.html?spid=148696018,598800,598800,0,0,available,backorder,OEM,,,,,,,,Việt Nam,,,,,,2022-5-8
17324347,"Túi chống sốc hiệu AnKi cho Laptop, Macbook",https://tiki.vn/product-p17324347.html?spid=17324363,189000,189000,4.6,85,available,backorder,OEM,,,,,,"<ul>
<li>11-12'':31,5 x 23 cm</li>
<li>13,3'':34x25 cm</li>
<li>14-15'':37x26,5 cm</li>
</ul>",,,,,,,,2022-5-8
92486894,"Túi đựng Macbook, laptop nam nữ đẹp, cặp đựng Macbook Air, Macbook Pro 13 inch, 15 inch, chống sốc, đựng sạc, phụ kiện",https://tiki.vn/product-p92486894.html?spid=92486895,399000,399000,0,0,available,backorder,Gubag,,,,,,,,Việt Nam,,,,,,2022-5-8
93963284,"Bao da, túi da, cặp da chống sốc cho macbook, laptop",https://tiki.vn/product-p93963284.html?spid=93963288,250000,350000,4.5,6,available,backorder,SUZIN,,,,,,,,Việt Nam,,,,,,2022-5-8
111920505,"Túi da siêu mỏng nhẹ cho Laptop, Macbook, Surface M373",https://tiki.vn/product-p111920505.html?spid=111920642,385000,385000,0,0,available,backorder,OEM,,,,,,,,Việt Nam,,,,,,2022-5-8
169820638,"Túi da đựng máy tính Laptop Windows, Macbook Pro, Macbook Air 11/12/13.3/14/15/15,6 inch cao cấp, mẫu mới.",https://tiki.vn/product-p169820638.html?spid=169820736,169000,169000,0,0,available,backorder,OEM,,,,,,,,Việt Nam,,,,,,2022-5-8
146699101,"Túi Đựng Macbook Wiwu Pioneer 13inch Dành cho Macbook, Ipad Chất Liệu Cao Cấp Chống Thấm Nước - Hàng Chính Hãng",https://tiki.vn/product-p146699101.html?spid=146699105,550000,550000,5,6,available,backorder,WIWU,,,,,,"<p>30,5 x 21,5 x 2,5cm</p>",,Trung Quốc,,,,,,2022-5-8
104272113,"Bao da, Túi đựng da SWITCHEASY EasyStand dành cho Macbook Air / Macbook Pro 13 / Surface Pro / Surface laptop 13- Hàng Chính Hãng",https://tiki.vn/product-p104272113.html?spid=104272125,850000,935000,5,1,available,backorder,OEM,,,,,,,,Mỹ / Trung Quốc,,,,,,2022-5-8
156638581,Túi đựng cho Macbook ,https://tiki.vn/product-p156638581.html?spid=156638621,145000,145000,0,0,available,backorder,OEM,,,,,,,,Việt Nam,,,,,,2022-5-8
36357577,Túi xách thời trang Macbook 13 inch,https://tiki.vn/product-p36357577.html?spid=36357578,889000,889000,0,0,available,backorder,OEM,,,,,,<p>39*30*7cm</p>,,Trung Quốc,,,,,,2022-5-8
15513854,Túi xách chống sốc Tomtoc A45 Messenger Bags Macbook 13.3/15'',https://tiki.vn/product-p15513854.html?spid=51062753,980000,1090000,0,0,available,backorder,Tomtoc,,,,,,"<p>Kích thước 13,3''(34x23x3cm)</p>
<p>Kích thước 15''(38x27x3cm)</p>",,Trung Quốc,,,,,,2022-5-8
21170596,"Túi chống sốc cho macbook, laptop, surface Anki",https://tiki.vn/product-p21170596.html?spid=21170628,166000,199000,4.6,96,available,backorder,OEM,,,,,,,,,,,,,,2022-5-8
46518730,Hyperdrive USB Type-C Hub With 4K HDMI Support (For 2016 Macbook Pro & 12″ Macbook)- CHÍNH HÃNG,https://tiki.vn/product-p46518730.html?spid=47144311,1315000,1315000,0,0,available,backorder,Hyper,,,,,,,,,,,,,,2022-5-8
75982039,"96W Adapter USB-C Cáp Sạc Dài 2M Dành Cho MacBook, MacBook Air, MacBook Pro Cổng USB type C",https://tiki.vn/product-p75982039.html?spid=75982040,1400000,1400000,0,0,available,backorder,OEM,,,,,,,,Trung Quốc,,,,,,2022-5-8
72709430,"Bao da, Túi chống sốc Nillkin Acme Sleeve Cao Cấp dành cho Macbook Air / Macbook Pro 13 / Surface Pro / Laptop 13inch / Macbook Pro 15 / Macbook Pro 16 / Surface Laptop / Laptop 16inch - Hàng Nhập Khẩu",https://tiki.vn/product-p72709430.html?spid=72709441,545000,545000,4.7,12,available,backorder,Nillkin,,,,,,<p>13inch : 326 x 228 x 10mm<br />16inch : 365 x 256 x 10mm</p>,,Trung Quốc,,,,,,2022-5-8
41641625,"Cặp xách Laptop, Macbook chống sốc chống nước",https://tiki.vn/product-p41641625.html?spid=41641631,299000,299000,4,9,available,backorder,OEM,,,,,,,,,,,,,,2022-5-8
66086880,TÚI ĐEO CHÉO CHỐNG VA ĐẬP TOMTOC (USA) EVA FOR MACBOOK PRO 15″/MACBOOK 16″ GRAY (A25-E01G),https://tiki.vn/product-p66086880.html?spid=66086881,1199000,1199000,3,1,available,backorder,Tomtoc,,,,,,,,usa,,,,,,2022-5-8
77030279,"Bao da, Túi đựng Nillkin Versatile Laptop Sleeve 14inch 16inch dành cho Macbook Air / Macbook Pro 13 / Surface Pro / Laptop 13inch / Macbook Pro 15 / Macbook Pro 16 / Surface Pro / Laptop 16inch / Laptop Asus / Laptop Acer / Laptop Dell XPS / Laptop HP - Hàng Nhập Khẩu",https://tiki.vn/product-p77030279.html?spid=77030281,590000,649000,4.8,32,available,backorder,Nillkin,,,,,,"<p><strong><span style=""color: #0000ff;"">14 inch ： 352 * 253 * 22,4mm</span></strong></p>
<p><strong><span style=""color: #0000ff;"">16 inch ： 375 * 283 *25,6mm</span></strong></p>",,Trung Quốc,,,,,,2022-5-8
25125931,"Túi chống sốc, chống nước cho Latop, MacBook",https://tiki.vn/product-p25125931.html?spid=25125933,169000,169000,3,2,available,backorder,OEM,,,,,,,,,,,,,,2022-5-8
54717064,TUI CHONG SỐC MACBOOK  AIR 13''2018/PRON13''  H14C01G,https://tiki.vn/product-p54717064.html?spid=54717065,1290000,1290000,0,0,available,backorder,Tomtoc,,,,,,,,,,,,,,2022-5-8
105038705,Bao da thật cho Macbook 11/12inch handmade TONI,https://tiki.vn/product-p105038705.html?spid=105038724,850000,850000,0,0,available,backorder,OEM,,,,,,,,Việt Nam,,,,,,2022-5-8
167424899,"Cặp xách Laptop, Macbook chống sốc chống nước",https://tiki.vn/product-p167424899.html?spid=167424901,385000,385000,0,0,available,backorder,	OEM,,,,,,,,HongKong/Trung Quốc,,,,,,2022-5-8
169822065,"Túi chống sốc laptop macbook BUBM cao cấp cho máy macbook laptop 13.3 Inch, 14 Inch, 15 Inch, 15.6 Inch, 16 Inch",https://tiki.vn/product-p169822065.html?spid=169822076,160000,160000,5,1,available,backorder,OEM,,,,,,,,Trung Quốc,,,,,,2022-5-8
66790303,"Túi chống sốc laptop, macbook SIVA the gimp Neoprene STGT",https://tiki.vn/product-p66790303.html?spid=66790305,349000,395000,4.8,83,available,backorder,SIVA,,,,,,"<p>Dưới đây là kích thước bên trong túi cũng là phần đựng laptop</p>
<p>- 10 inch: 27 x 18.5 cm - Dùng cho ipad 9.7 - 11 inch</p>
<p>- 12 inch: 30.2 x 19.8 cm - Dùng cho laptop 11.6, 12.0 inch,</p>
<p>- 13 inch: 31.5 x 21.5 cm - Dùng cho laptop 12.3, 12.5, 13, 13.3 viền mỏng, macbook 13 inch, macbook M1. Chuẩn gọn đẹp.</p>
<p>- 14 inch: 32.8 x 22.7 cm - Dùng cho laptop 14 inch</p>
<p>- 15 inch: 35 x 25 cm - Dùng cho laptop 15 inch viền mỏng. macbook 15, 16 inch</p>
<p>- 15.6 inch: 39 x 26.7cm - Dùng cho laptop 15.6 inch.</p>
<p>- 17 inch: 41.5 x 27.6 cm.</p>
<p>- 17.3 inch: 44 x 30.5 cm.</p>
<p>- 17.3 inch max: 45 x 33.2 cm.</p>
<p> Để biết laptop của Bạn phù hợp với size nào. Hãy xác định kích thước của laptop ( dài x rộng ) rồi so sánh với kích thước bên trong túi. Nếu nhỏ hơn là vừa. Rất đơn giản.</p>",,Việt Nam,,,,,,2022-5-8
74572821,"Adapter Nguồn Sạc 61W Cáp USB-C 2M Dành Cho MacBook, MacBook Pro, MacBook Air, Sạc Nhanh iPad, iPhone",https://tiki.vn/product-p74572821.html?spid=74572822,740000,740000,5,2,available,backorder,OEM,,,,,,,,Trung Quốc,0.4,,,,,2022-5-8
132000933,TÚI CHỐNG SỐC CHO LAPTOP/MACBOOK ( 3 MÀU )!!!!!!,https://tiki.vn/product-p132000933.html?spid=132000978,175000,175000,0,0,available,backorder,OEM,,,,,,,,Việt Nam,,,,,,2022-5-8
105038652,"Bao da phong thư cao cấp cho Macbook, Laptop 13inch",https://tiki.vn/product-p105038652.html?spid=105038680,678000,678000,0,0,available,backorder,OEM,,,,,,,,Việt Nam,,,,,,2022-5-8
11132379,Túi chống sốc cho Macbook cao cấp 13 inch (Đen),https://tiki.vn/product-p11132379.html?spid=94659727,88900,88900,1,1,available,backorder,OEM,,,,,,,,,,,,,,2022-5-8
105037240,Túi xách da thật cho Laptop-Macbook 13 - 14inch (đen),https://tiki.vn/product-p105037240.html?spid=105037251,1400000,1400000,0,0,available,backorder,OEM,,,,,,,,Việt Nam,,,,,,2022-5-8
19289684,Pin cho Macbook Pro 17 inch A1297 ( 2011 ),https://tiki.vn/product-p19289684.html?spid=94903336,1273676,1700000,0,0,available,backorder,OEM,,,,,,,,,,,,,,2022-5-8
17587150,Pin cho Macbook Pro 15 inch A1286 ( 2010 ),https://tiki.vn/product-p17587150.html?spid=94903345,1153741,1859000,0,0,available,backorder,OEM,,,,,,,,,,,,,,2022-5-8
42958506,"Pin cho MacBook Air 11"" A1375 A1370 Late 2010 MC505 MC506",https://tiki.vn/product-p42958506.html?spid=94903296,1042560,1120000,0,0,available,backorder,OEM,,,,,,,,Trung Quốc,,,,,,2022-5-8
125433363,Đầu cắm nguồn dành cho sạc Macbook Macbook Air Macbook Pro ( dạng 2 chấu chân dẹt ) - Hàng Nhập Khẩu ,https://tiki.vn/product-p125433363.html?spid=125433366,97900,127270,5,1,available,backorder,HI PC,,,,,,,,Việt Nam,,,,,,2022-5-8
84775528,"Adapter Nguồn Sạc 87W PD Cáp USB-C 2M Dành Cho MacBook Pro, MacBook Air Cổng USB Type C",https://tiki.vn/product-p84775528.html?spid=84775529,980000,980000,4,1,available,backorder,OEM,,,,,,,,Trung Quốc,,,,,,2022-5-8
143113276,Cặp xách Macbook Oxford HAVIAS,https://tiki.vn/product-p143113276.html?spid=143113289,642000,642000,0,0,available,backorder,HAVIAS,,,,,,,,Việt Nam,,,,,,2022-5-8
143888764,Túi RollPark cho Macbook 13inc,https://tiki.vn/product-p143888764.html?spid=143888768,660000,660000,0,0,available,backorder,OEM,,,,,,,,Việt Nam,,,,,,2022-5-8
58841698,"Túi xách tay chống sốc dành cho Laptop, Macbook, Tablet M380",https://tiki.vn/product-p58841698.html?spid=58841712,280000,280000,5,6,available,backorder,OEM,,,,,,,,Trung Quốc,,,,,,2022-5-8
160551056,"Túi chống sốc và bảo vệ Laptop, Macbook nhung viền đỏ dùng cho Laptop, Macbook nhiều kích thước",https://tiki.vn/product-p160551056.html?spid=160551062,45000,45000,5,1,available,backorder,OEM,,,,,,,,Việt Nam,,,,,,2022-5-8
150403191,Dành Cho Macbook Air M1 Laptop 13.3 14 15 15.4 16 Inch Túi 15 6 Cặp Dùng Cho Macbook Air 13 Bao Da Macbook Pro 13 Ốp Lưng,https://tiki.vn/product-p150403191.html?spid=150403195,424557,424557,0,0,available,backorder,OEM,,,,,,,,china,,,,,,2022-5-8
172681931,"Túi da đựng máy tính Laptop Windows, Macbook Pro, Macbook Air 11/12/13.3/14/15/15,6 inch cao cấp, mẫu mới.",https://tiki.vn/product-p172681931.html?spid=172681944,169000,169000,0,0,available,backorder,OEM,,,,,,,,Việt Nam,,,,,,2022-5-8
53458317,"Dây Nguồn Nối Dài Dành Cho Sạc Macbook, sử dụng cho Macbook Pro, Air, Unibody, Retina",https://tiki.vn/product-p53458317.html?spid=105178464,150000,245000,5,1,available,instock,OEM,,,,,,,,,,,,,,2022-5-8
154632910,"Túi Tomtoc Spill Resistant Macbook, Surface 13/15/16' - Xám",https://tiki.vn/product-p154632910.html?spid=154632933,947000,947000,0,0,available,backorder,OEM,,,,,,,,Việt Nam,,,,,,2022-5-8
154630309,Túi Tomtoc 360° Protective for Macbook 15Pro New 2016-2019,https://tiki.vn/product-p154630309.html?spid=154630318,816000,816000,0,0,available,backorder,OEM,,,,,,,,Việt Nam,,,,,,2022-5-8
66765414,"Túi chống sốc laptop, macbook SIVA logic 2 ngăn SLT",https://tiki.vn/product-p66765414.html?spid=66765416,297000,495000,4.7,267,available,backorder,SIVA,,,,,,"<p>Dưới đây là kích thước bên trong túi cũng là phần đựng laptop</p>
<p>- 13 inch: 31.4 x 21.5 cm - dùng cho laptop 11.6, 12, 12.3, 12.5, 13, 13.3 viền mỏng, macbook 13 inch, macbook air M1. Chuẩn gọn đẹp.</p>
<p>- 14 inch: 34 x 23.5 cm - dùng cho laptop 14 inch.</p>
<p>- 15 inch: 36.5 x 24.9 cm - dùng cho laptop 15, 15.4, 15.6 viền mòng, macbook 15, 16 inch. Chuẩn gọn.</p>
<p>- 15.6 inch: 39 x 27cm - dùng cho laptop 15.6 inch.</p>
<p> Để biết laptop của Bạn phù hợp với size nào. Hãy xác định kích thước của laptop ( dài x rộng ) rồi so sánh với kích thước bên trong túi. Nếu nhỏ hơn là vừa. Rất đơn giản.</p>",,Việt Nam,,,,,,2022-5-8
147676044,"Túi xách laptop, macbook cao cấp 13inch, 14inch, 15.6inch, 16inch. Túi chống sốc macbook, laptop thời trang cho nữ-Mẫu 1",https://tiki.vn/product-p147676044.html?spid=147676420,505758,505758,5,1,available,backorder,OEM,,,,,,,,Trung Quốc,,,,,,2022-5-8
31278949,Cặp Đựng Macbook Da Bò Thật CA174 nâu sẫm,https://tiki.vn/product-p31278949.html?spid=31278950,3097000,3190000,0,0,available,backorder,OEM,,,,,,<p>39cm (dài) x 11cm (rộng) x 28cm (cao)</p>,,,,,,,,2022-5-8
90755681,"iCon 15"" cho MacBook Pro 15"" 2016-2020",https://tiki.vn/product-p90755681.html?spid=90755687,1400000,1400000,0,0,available,backorder,OEM,,,,,,"<p>Nắp đậy có nam châm giữ chắc chắn Macbook bên trong, đồng thời dễ thao tác cho máy ra/ vào túi.<br />Chất liệu: Fabric, Faux Fur, Rip Stop<br />Kích thước: 34.9cm x 25.81cm x 1.5cm (13"").</p>
<p data-spm-anchor-id=""a2o4n.pdp.product_"">Công nghệ tiên tiến mới nhất Tensaerlite cùng viền da siêu nhẹ đảm bảo hấp thụ lực va đập một cách tối đa. </p>
<p>Nắp đậy có nam châm giữ chắc chắn Macbook bên trong, đồng thời dễ thao tác cho máy ra/ vào túi</p>
<p>Chất liệu: Fabric, Faux Fur, Rip Stop</p>
<p>Siêu mỏng, siêu nhẹ, vừa khít Macbook của bạn</p>",,Trung Quốc,,,,,,2022-5-8
149363896,"Túi xách dành cho laptop, macbook thời trang cao cấp. Túi đựng macbook, laptop nữ 13inch, 14inch, 15.6inch-K09",https://tiki.vn/product-p149363896.html?spid=149363935,500000,500000,0,0,available,backorder,OEM,,,,,,,,Việt Nam,,,,,,2022-5-8
